Sample,Tissue,Sex,Age
GTEX-WVLH-0011-R4A-SM-3MJFS,Amygdala,Male,58.0
GTEX-1269C-0011-R4b-SM-5P9ES,Amygdala,Female,62.0
GTEX-OHPN-0011-R4A-SM-2I5FD,Amygdala,Female,61.0
GTEX-P44G-0011-R4A-SM-2I3FB,Amygdala,Male,34.0
GTEX-147GR-0011-R4a-SM-5S2V2,Amygdala,Male,65.0
GTEX-X4XX-0011-R4B-SM-46MWL,Amygdala,Male,69.0
GTEX-13112-0011-R4b-SM-5DUXL,Amygdala,Male,52.0
GTEX-13OW6-0011-R4a-SM-5O9DX,Amygdala,Male,59.0
GTEX-13X6J-0011-R4b-SM-5P9K4,Amygdala,Male,56.0
GTEX-RNOR-0011-R4A-SM-3GAD3,Amygdala,Female,52.0
GTEX-QMR6-0011-R4A-SM-32PKU,Amygdala,Male,59.0
GTEX-X585-0011-R4B-SM-46MVH,Amygdala,Male,56.0
GTEX-P44H-0011-R4A-SM-2XCEW,Amygdala,Male,43.0
GTEX-13QIC-0011-R4a-SM-5PNX8,Amygdala,Female,65.0
GTEX-13X6I-0011-R4b-SM-5PNU9,Amygdala,Male,65.0
GTEX-131YS-0011-R4a-SM-5DUVL,Amygdala,Female,67.0
GTEX-12WSA-0011-R4a-SM-57WB7,Amygdala,Male,67.0
GTEX-1399T-0011-R4b-SM-5DUVX,Amygdala,Male,67.0
GTEX-13SLW-0011-R4b-SM-5S2W2,Amygdala,Male,70.0
GTEX-145MI-0011-R4b-SM-5PNZH,Amygdala,Female,68.0
GTEX-R55E-0011-R4A-SM-2TC5H,Amygdala,Male,22.0
GTEX-139T8-0011-R4a-SM-5HL54,Amygdala,Male,62.0
GTEX-YFC4-0011-R4a-SM-4RGLQ,Amygdala,Female,47.0
GTEX-QVJO-0011-R4A-SM-2S1QL,Amygdala,Female,64.0
GTEX-TSE9-0011-R4A-SM-3DB7H,Amygdala,Female,60.0
GTEX-QDT8-0011-R4A-SM-32PKM,Amygdala,Female,30.0
GTEX-139UC-0011-R4a-SM-5K7XM,Amygdala,Male,67.0
GTEX-13JVG-0011-R4a-SM-5MR4C,Amygdala,Male,64.0
GTEX-NL3H-0011-R4a-SM-2I3GK,Amygdala,Male,60.0
GTEX-RVPU-0011-R4A-SM-2TF6X,Amygdala,Male,57.0
GTEX-13OW7-0011-R4b-SM-5O9CX,Amygdala,Male,53.0
GTEX-13RTJ-0011-R4b-SM-5PNX1,Amygdala,Male,60.0
GTEX-XLM4-0011-R4B-SM-4AT5C,Amygdala,Male,64.0
GTEX-12WS9-0011-R4b-SM-5P9EU,Amygdala,Female,59.0
GTEX-13X6K-0011-R4b-SM-5P9HO,Amygdala,Female,61.0
GTEX-12WSD-0011-R4b-SM-5LZUA,Amygdala,Female,64.0
GTEX-13OVL-0011-R4b-SM-5L3HV,Amygdala,Male,50.0
GTEX-NL4W-0011-R4a-SM-2I5GZ,Amygdala,Male,53.0
GTEX-QVUS-0011-R4A-SM-3GAE7,Amygdala,Female,69.0
GTEX-1445S-0011-R4a-SM-5PNWN,Amygdala,Male,64.0
GTEX-N7MS-0011-R4a-SM-2HMKW,Amygdala,Male,61.0
GTEX-13PVQ-0011-R4a-SM-5O9CT,Amygdala,Male,59.0
GTEX-145LS-0011-R4b-SM-5S2UT,Amygdala,Female,61.0
GTEX-13OVH-0011-R4a-SM-5KM3W,Amygdala,Male,70.0
GTEX-13N1W-0011-R4a-SM-5MR52,Amygdala,Male,70.0
GTEX-144GL-0011-R4a-SM-5PNUI,Amygdala,Male,57.0
GTEX-13OVJ-0011-R4b-SM-5P9H5,Amygdala,Female,55.0
GTEX-1313W-0011-R4b-SM-5KLZV,Amygdala,Female,54.0
GTEX-12WSH-0011-R4a-SM-5GU6K,Amygdala,Male,59.0
GTEX-13OW5-0011-R4b-SM-5L3HS,Amygdala,Male,62.0
GTEX-12ZZZ-0011-R4b-SM-5DUV7,Amygdala,Male,64.0
GTEX-13NYS-0011-R4b-SM-5MR3O,Amygdala,Male,63.0
GTEX-ZAB4-0011-R4a-SM-4SOKB,Amygdala,Male,47.0
GTEX-14ABY-0011-R4b-SM-5S2VN,Amygdala,Male,59.0
GTEX-UTHO-0011-R4A-SM-3GIJP,Amygdala,Male,68.0
GTEX-11ZU8-0011-R4a-SM-5BC6Y,Amygdala,Male,64.0
GTEX-14BIM-0011-R4b-SM-5S2RK,Amygdala,Female,64.0
GTEX-N7MT-0011-R4a-SM-2I3G9,Amygdala,Female,68.0
GTEX-13FLV-0011-R4a-SM-5LZYU,Amygdala,Male,50.0
GTEX-WZTO-0011-R4A-SM-3NMC7,Amygdala,Male,44.0
GTEX-12ZZW-0011-R4a-SM-5DUX9,Amygdala,Male,57.0
GTEX-ZE9C-0011-R4a-SM-4WKH6,Amygdala,Male,69.0
GTEX-NPJ7-0011-R4a-SM-2I3GJ,Amygdala,Female,68.0
GTEX-13O3Q-0011-R4a-SM-5P9H2,Amygdala,Male,53.0
GTEX-13SLX-0011-R4a-SM-5O9BJ,Amygdala,Female,57.0
GTEX-11ZVC-0011-R4a-SM-5BC6Z,Amygdala,Female,56.0
GTEX-13N2G-0011-R4b-SM-5MR54,Amygdala,Male,60.0
GTEX-13VXU-0011-R4b-SM-5O9CI,Amygdala,Male,58.0
GTEX-NPJ8-0011-R4a-SM-2HML3,Amygdala,Male,40.0
GTEX-Q2AG-0011-R4A-SM-2HMKA,Amygdala,Female,42.0
GTEX-RVPU-0011-R4A-SM-5SI8K,Amygdala,Male,57.0
GTEX-S7SE-0011-R4A-SM-2XCDB,Amygdala,Male,58.0
GTEX-T5JC-0011-R4A-SM-32PLT,Amygdala,Male,27.0
GTEX-WHSE-0011-R4A-SM-3P5ZN,Amygdala,Male,20.0
GTEX-131XH-0011-R4b-SM-5DUWB,Amygdala,Male,53.0
GTEX-13CZV-0011-R4b-SM-5J2NY,Amygdala,Male,64.0
GTEX-13O3O-0011-R4b-SM-5KM3F,Amygdala,Female,68.0
GTEX-T6MN-0011-R4A-SM-32QPG,Amygdala,Male,51.0
GTEX-ZVZQ-0011-R4b-SM-57WCZ,Amygdala,Female,62.0
GTEX-12WSF-0011-R4b-SM-5HL88,Amygdala,Male,70.0
GTEX-13OW5-0011-R3a-SM-5L3I5,Anterior,Male,62.0
GTEX-ZE9C-0011-R3a-SM-4WKGT,Anterior,Male,69.0
GTEX-12WS9-0011-R3a-SM-5CVNF,Anterior,Female,59.0
GTEX-12WSM-0011-R3b-SM-5LZWI,Anterior,Male,63.0
GTEX-145MI-0011-R3b-SM-5PNWK,Anterior,Female,68.0
GTEX-145MH-0011-R3b-SM-5P9JQ,Anterior,Male,57.0
GTEX-13QIC-0011-R3a-SM-5P9HT,Anterior,Female,65.0
GTEX-ZF28-0011-R3a-SM-4WWDA,Anterior,Male,69.0
GTEX-13FLV-0011-R3b-SM-5LZYP,Anterior,Male,50.0
GTEX-12ZZX-0011-R3b-SM-5EGLH,Anterior,Female,49.0
GTEX-P44H-0011-R3A-SM-2XCEQ,Anterior,Male,43.0
GTEX-14BIM-0011-R3b-SM-5S2RL,Anterior,Female,64.0
GTEX-RNOR-0011-R3A-SM-2TF5J,Anterior,Female,52.0
GTEX-YJ89-0011-R3b-SM-4V6EF,Anterior,Male,60.0
GTEX-Z93S-0011-R3b-SM-4RGNH,Anterior,Male,52.0
GTEX-XMD1-0011-R3B-SM-4AT5R,Anterior,Male,67.0
GTEX-13CF2-0011-R3b-SM-5LZZ6,Anterior,Male,61.0
GTEX-11ZU8-0011-R3a-SM-5BC6U,Anterior,Male,64.0
GTEX-13CZV-0011-R3a-SM-5KM27,Anterior,Male,64.0
GTEX-QVUS-0011-R3A-SM-3GAFD,Anterior,Female,69.0
GTEX-12WSD-0011-R3b-SM-5LZWN,Anterior,Female,64.0
GTEX-N7MS-0011-R3a-SM-2HMKD,Anterior,Male,61.0
GTEX-PWO3-0011-R3A-SM-2I5EX,Anterior,Female,69.0
GTEX-13NYS-0011-R3b-SM-5MR41,Anterior,Male,63.0
GTEX-13O3Q-0011-R3a-SM-5P9H3,Anterior,Male,53.0
GTEX-13IVO-0011-R3b-SM-5IJBJ,Anterior,Male,70.0
GTEX-13OVJ-0011-R3b-SM-5P9H6,Anterior,Female,55.0
GTEX-ZVZQ-0011-R3a-SM-57WC7,Anterior,Female,62.0
GTEX-13JVG-0011-R3b-SM-5LZXF,Anterior,Male,64.0
GTEX-ZAB4-0011-R3a-SM-4RGNQ,Anterior,Male,47.0
GTEX-13OW7-0011-R3a-SM-5O9DA,Anterior,Male,53.0
GTEX-1445S-0011-R3a-SM-5P9HY,Anterior,Male,64.0
GTEX-13N1W-0011-R3a-SM-5MR5E,Anterior,Male,70.0
GTEX-145LU-0011-R3a-SM-5P9K2,Anterior,Male,50.0
GTEX-UTHO-0011-R3A-SM-3GIK8,Anterior,Male,68.0
GTEX-12WSC-0011-R3a-SM-5P9F1,Anterior,Male,56.0
GTEX-NL3H-0011-R3a-SM-2I3GL,Anterior,Male,60.0
GTEX-WL46-0011-R3A-SM-3TW8E,Anterior,Male,53.0
GTEX-XLM4-0011-R3B-SM-4AT6E,Anterior,Male,64.0
GTEX-Q2AG-0011-R3A-SM-2HMJ9,Anterior,Female,42.0
GTEX-ZDXO-0011-R3a-SM-4WKFS,Anterior,Male,60.0
GTEX-PVOW-0011-R3A-SM-32PKX,Anterior,Male,40.0
GTEX-P44G-0011-R3A-SM-2I3FC,Anterior,Male,34.0
GTEX-13RTL-0011-R3a-SM-5P9JP,Anterior,Male,47.0
GTEX-RVPV-0011-R3A-SM-2TF63,Anterior,Male,67.0
GTEX-N7MS-0011-R3a-SM-33HC6,Anterior,Male,61.0
GTEX-QDT8-0011-R3A-SM-32PKR,Anterior,Female,30.0
GTEX-1477Z-0011-R3b-SM-5PNX9,Anterior,Male,65.0
GTEX-13N2G-0011-R3b-SM-5MR5G,Anterior,Male,60.0
GTEX-13X6J-0011-R3b-SM-5P9K5,Anterior,Male,56.0
GTEX-ZVT3-0011-R3b-SM-51MTJ,Anterior,Female,67.0
GTEX-131XH-0011-R3b-SM-5DUWM,Anterior,Male,53.0
GTEX-11GSO-0011-R3b-SM-57WB2,Anterior,Male,61.0
GTEX-YFC4-0011-R3a-SM-4RGLP,Anterior,Female,47.0
GTEX-13PVQ-0011-R3b-SM-5O9D6,Anterior,Male,59.0
GTEX-13RTJ-0011-R3a-SM-5PNX7,Anterior,Male,60.0
GTEX-139TT-0011-R3b-SM-5K7VL,Anterior,Male,60.0
GTEX-13FHO-0011-R3b-SM-5K7YA,Anterior,Male,61.0
GTEX-WZTO-0011-R3B-SM-3NMC6,Anterior,Male,44.0
GTEX-XOTO-0011-R3A-SM-4B64W,Anterior,Male,59.0
GTEX-RNOR-0011-R3A-SM-5SI8E,Anterior,Female,52.0
GTEX-144GL-0011-R3a-SM-5P9HP,Anterior,Male,57.0
GTEX-12WSF-0011-R3a-SM-5DUW7,Anterior,Male,70.0
GTEX-139T8-0011-R3b-SM-5HL4R,Anterior,Male,62.0
GTEX-13X6K-0011-R3b-SM-5PNUD,Anterior,Female,61.0
GTEX-13S7M-0011-R3a-SM-5PNX2,Anterior,Female,66.0
GTEX-11ZVC-0011-R3a-SM-5BC6V,Anterior,Female,56.0
GTEX-P44H-0011-R3A-SM-5SI8A,Anterior,Male,43.0
GTEX-139UC-0011-R3b-SM-5K7VZ,Anterior,Male,67.0
GTEX-N7MT-0011-R3a-SM-2I3GC,Anterior,Female,68.0
GTEX-X4XX-0011-R3B-SM-46MWK,Anterior,Male,69.0
GTEX-Y8DK-0011-R3A-SM-4RTW5,Anterior,Male,62.0
GTEX-OHPN-0011-R3A-SM-2I5FC,Anterior,Female,61.0
GTEX-13SLW-0011-R3b-SM-5SI6Y,Anterior,Male,70.0
GTEX-145LS-0011-R3a-SM-5S2VJ,Anterior,Female,61.0
GTEX-N7MS-0011-R3a-SM-5SI8H,Anterior,Male,61.0
GTEX-11UD1-0011-R3a-SM-5BC6S,Anterior,Female,44.0
GTEX-11ZTS-0011-R3a-SM-5BC78,Anterior,Female,67.0
GTEX-13OVL-0011-R3b-SM-5L3I8,Anterior,Male,50.0
GTEX-X585-0011-R3B-SM-46MVG,Anterior,Male,56.0
GTEX-145MG-0011-R3b-SM-5SI67,Anterior,Male,55.0
GTEX-13X6I-0011-R3b-SM-5P9HM,Anterior,Male,65.0
GTEX-1313W-0011-R3a-SM-5EGLI,Anterior,Female,54.0
GTEX-13VXU-0011-R3b-SM-5O9CU,Anterior,Male,58.0
GTEX-T2IS-0011-R3A-SM-32QPB,Anterior,Female,24.0
GTEX-12ZZW-0011-R3a-SM-5DUWW,Anterior,Male,57.0
GTEX-13O3O-0011-R3b-SM-5KM3R,Anterior,Female,68.0
GTEX-13112-0011-R3b-SM-5HL9L,Anterior,Male,52.0
GTEX-RVPU-0011-R3A-SM-2XCAE,Anterior,Male,57.0
GTEX-13OW8-0011-R3a-SM-5L3I4,Anterior,Male,66.0
GTEX-WHSE-0011-R3A-SM-3P5ZM,Anterior,Male,20.0
GTEX-13CIG-0011-R3b-SM-5K7XF,Anterior,Male,59.0
GTEX-13OVH-0011-R3a-SM-5KM49,Anterior,Male,70.0
GTEX-NPJ8-0011-R3a-SM-2HMIW,Anterior,Male,40.0
GTEX-12ZZZ-0011-R3b-SM-5DUXK,Anterior,Male,64.0
GTEX-ZUA1-0011-R3a-SM-4YCEE,Anterior,Male,46.0
GTEX-13PLJ-0011-R3a-SM-5O9DT,Anterior,Female,60.0
GTEX-131YS-0011-R3b-SM-5DUXB,Anterior,Female,67.0
GTEX-RVPU-0011-R5A-SM-2XCAD,Caudate,Male,57.0
GTEX-1399T-0011-R5b-SM-5IJDK,Caudate,Male,67.0
GTEX-13O3O-0011-R5b-SM-5KM44,Caudate,Female,68.0
GTEX-WL46-0011-R5A-SM-3LK6V,Caudate,Male,53.0
GTEX-NPJ8-0011-R5a-SM-2HMJY,Caudate,Male,40.0
GTEX-13NZA-0011-R5b-SM-5KM4K,Caudate,Male,64.0
GTEX-Z93S-0011-R5b-SM-4RGNI,Caudate,Male,52.0
GTEX-13N1W-0011-R5b-SM-5MR5Q,Caudate,Male,70.0
GTEX-XOTO-0011-R5A-SM-4B657,Caudate,Male,59.0
GTEX-OXRN-0011-R5A-SM-2I5EF,Caudate,Male,59.0
GTEX-QVJO-0011-R5A-SM-2S1QM,Caudate,Female,64.0
GTEX-13OW5-0011-R5b-SM-5L3FR,Caudate,Male,62.0
GTEX-13SLX-0011-R5a-SM-5O9BV,Caudate,Female,57.0
GTEX-RVPV-0011-R5A-SM-2TF69,Caudate,Male,67.0
GTEX-145MI-0011-R5a-SM-5Q5B4,Caudate,Female,68.0
GTEX-T6MN-0011-R5A-SM-32QPD,Caudate,Male,51.0
GTEX-NPJ7-0011-R5a-SM-33HBK,Caudate,Female,68.0
GTEX-UTHO-0011-R5A-SM-3GIJD,Caudate,Male,68.0
GTEX-ZUA1-0011-R5b-SM-51MTG,Caudate,Male,46.0
GTEX-13PVQ-0011-R5b-SM-5O9DI,Caudate,Male,59.0
GTEX-XMD1-0011-R5A-SM-4AT47,Caudate,Male,67.0
GTEX-12ZZX-0011-R5a-SM-5HL89,Caudate,Female,49.0
GTEX-PVOW-0011-R5A-SM-32PL7,Caudate,Male,40.0
GTEX-R55F-0011-R5A-SM-2TF5L,Caudate,Male,55.0
GTEX-13JUV-0011-R5a-SM-5LZY5,Caudate,Female,46.0
GTEX-OHPN-0011-R5A-SM-2I5FF,Caudate,Female,61.0
GTEX-13X6J-0011-R5b-SM-5PNWT,Caudate,Male,56.0
GTEX-P44G-0011-R5A-SM-2I3FA,Caudate,Male,34.0
GTEX-13IVO-0011-R5a-SM-5L3CY,Caudate,Male,70.0
GTEX-13FHP-0011-R5b-SM-5LZY2,Caudate,Male,56.0
GTEX-11WQC-0011-R5a-SM-5BC74,Caudate,Male,64.0
GTEX-12WSF-0011-R5a-SM-5HL8K,Caudate,Male,70.0
GTEX-139T8-0011-R5b-SM-5J1MO,Caudate,Male,62.0
GTEX-13FLV-0011-R5a-SM-5LZWT,Caudate,Male,50.0
GTEX-Q2AG-0011-R5A-SM-2HMJH,Caudate,Female,42.0
GTEX-ZE7O-0011-R5a-SM-57WBO,Caudate,Female,57.0
GTEX-13SLW-0011-R5b-SM-5SI6Z,Caudate,Male,70.0
GTEX-11NV4-0011-R5a-SM-5NQ88,Caudate,Male,64.0
GTEX-13X6K-0011-R5b-SM-5PNUE,Caudate,Female,61.0
GTEX-13PLJ-0011-R5a-SM-5O9BG,Caudate,Female,60.0
GTEX-144GL-0011-R5b-SM-5PNUJ,Caudate,Male,57.0
GTEX-11H98-0011-R5b-SM-57WCF,Caudate,Male,50.0
GTEX-14BIN-0011-R5b-SM-5SI78,Caudate,Female,56.0
GTEX-13112-0011-R5b-SM-5DUV8,Caudate,Male,52.0
GTEX-X585-0011-R5A-SM-46MVI,Caudate,Male,56.0
GTEX-12WSB-0011-R5b-SM-5GU67,Caudate,Female,65.0
GTEX-14753-0011-R5a-SM-5S2VW,Caudate,Male,67.0
GTEX-ZE9C-0011-R5a-SM-5EGLO,Caudate,Male,69.0
GTEX-YFC4-0011-R5a-SM-4RGLR,Caudate,Female,47.0
GTEX-13VXU-0011-R5a-SM-5O9D7,Caudate,Male,58.0
GTEX-1313W-0011-R5b-SM-5L3EP,Caudate,Female,54.0
GTEX-13FLW-0011-R5a-SM-5LZX6,Caudate,Male,57.0
GTEX-X4XX-0011-R5A-SM-46MWN,Caudate,Male,69.0
GTEX-131YS-0011-R5b-SM-5K7YB,Caudate,Female,67.0
GTEX-OXRO-0011-R5A-SM-2I5EG,Caudate,Female,62.0
GTEX-13JVG-0011-R5a-SM-5MR4O,Caudate,Male,64.0
GTEX-RNOR-0011-R5A-SM-2TF4J,Caudate,Female,52.0
GTEX-13NYB-0011-R5a-SM-5MR45,Caudate,Male,49.0
GTEX-ZV68-0011-R5a-SM-4YCDW,Caudate,Female,57.0
GTEX-12WSC-0011-R5b-SM-5CVNS,Caudate,Male,56.0
GTEX-13X6I-0011-R5a-SM-5PNWW,Caudate,Male,65.0
GTEX-NL4W-0011-R5a-SM-2I3GD,Caudate,Male,53.0
GTEX-WZTO-0011-R5B-SM-3NMC5,Caudate,Male,44.0
GTEX-145LS-0011-R5a-SM-5SI65,Caudate,Female,61.0
GTEX-139UC-0011-R5b-SM-5K7VY,Caudate,Male,67.0
GTEX-QMR6-0011-R5A-SM-32PKT,Caudate,Male,59.0
GTEX-13RTJ-0011-R5a-SM-5P9HR,Caudate,Male,60.0
GTEX-WVLH-0011-R5A-SM-3MJFW,Caudate,Male,58.0
GTEX-WWYW-0011-R5A-SM-3NB3E,Caudate,Female,52.0
GTEX-13S7M-0011-R5b-SM-5P9HS,Caudate,Female,66.0
GTEX-13OVL-0011-R5b-SM-5L3FU,Caudate,Male,50.0
GTEX-S7SE-0011-R5A-SM-2XCDA,Caudate,Male,58.0
GTEX-139TS-0011-R5b-SM-5J2MZ,Caudate,Male,61.0
GTEX-14BIM-0011-R5b-SM-5S2RM,Caudate,Female,64.0
GTEX-NPJ7-0011-R5a-SM-2I5GY,Caudate,Female,68.0
GTEX-12ZZY-0011-R5a-SM-5EGL9,Caudate,Male,64.0
GTEX-RU72-0011-R5A-SM-2TF6U,Caudate,Female,59.0
GTEX-13G51-0011-R5a-SM-5L3EB,Caudate,Male,69.0
GTEX-11OF3-0011-R5a-SM-57WB4,Caudate,Male,63.0
GTEX-ZVT3-0011-R5a-SM-51MSI,Caudate,Female,67.0
GTEX-12WS9-0011-R5b-SM-5P9EV,Caudate,Female,59.0
GTEX-13N2G-0011-R5a-SM-5MR33,Caudate,Male,60.0
GTEX-11UD1-0011-R5b-SM-5P9FP,Caudate,Female,44.0
GTEX-13CIG-0011-R5b-SM-5L3F2,Caudate,Male,59.0
GTEX-13OW6-0011-R5a-SM-5O9BK,Caudate,Male,59.0
GTEX-T2IS-0011-R5A-SM-32QP4,Caudate,Female,24.0
GTEX-TSE9-0011-R5A-SM-3DB7J,Caudate,Female,60.0
GTEX-144GO-0011-R5a-SM-5PNUR,Caudate,Male,68.0
GTEX-13O3Q-0011-R5b-SM-5P9H4,Caudate,Male,53.0
GTEX-PWO3-0011-R5A-SM-2I5EZ,Caudate,Female,69.0
GTEX-S7PM-0011-R5A-SM-3NM8G,Caudate,Male,65.0
GTEX-139TU-0011-R5b-SM-5L3E1,Caudate,Male,64.0
GTEX-N7MS-0011-R5a-SM-2HMK8,Caudate,Male,61.0
GTEX-11GSP-0011-R5a-SM-57WBE,Caudate,Female,66.0
GTEX-P44H-0011-R5A-SM-2XCEX,Caudate,Male,43.0
GTEX-13OVJ-0011-R5a-SM-5P9H7,Caudate,Female,55.0
GTEX-13NYS-0011-R5a-SM-5MR4D,Caudate,Male,63.0
GTEX-1477Z-0011-R5b-SM-5PNUO,Caudate,Male,65.0
GTEX-N7MT-0011-R5a-SM-2I3G6,Caudate,Female,68.0
GTEX-T5JC-0011-R5A-SM-32PLK,Caudate,Male,27.0
GTEX-13PL6-0011-R5b-SM-5O9BI,Caudate,Female,44.0
GTEX-132Q8-0011-R5a-SM-5IJDM,Caudate,Male,68.0
GTEX-11TUW-0011-R5b-SM-5BC6Q,Caudate,Male,66.0
GTEX-13FXS-0011-R5b-SM-5LZYE,Caudate,Male,59.0
GTEX-12WSA-0011-R5b-SM-5GU5I,Caudate,Female,67.0
GTEX-X261-0011-R5A-SM-3NMB4,Caudate,Male,56.0
GTEX-YJ89-0011-R5a-SM-4V6GM,Caudate,Male,60.0
GTEX-NL3H-0011-R5a-SM-2I3GB,Caudate,Male,60.0
GTEX-12WSD-0011-R5b-SM-5CVNG,Caudate,Female,64.0
GTEX-R55E-0011-R5A-SM-2TC5N,Caudate,Male,22.0
GTEX-145MG-0011-R5b-SM-5S2VU,Caudate,Male,55.0
GTEX-12ZZZ-0011-R5a-SM-5EQ4M,Caudate,Male,64.0
GTEX-ZF28-0011-R5a-SM-4WWCZ,Caudate,Male,69.0
GTEX-ZDXO-0011-R5a-SM-4WKG5,Caudate,Male,60.0
GTEX-Y8DK-0011-R5B-SM-4RTW6,Caudate,Male,62.0
GTEX-13OW8-0011-R5b-SM-5L3FQ,Caudate,Male,66.0
GTEX-145MH-0011-R5a-SM-5P9JT,Caudate,Male,57.0
GTEX-12WSH-0011-R5b-SM-5P9F3,Caudate,Male,59.0
GTEX-13OVH-0011-R5b-SM-5KM4L,Caudate,Male,70.0
GTEX-13OW7-0011-R5b-SM-5O9DM,Caudate,Male,53.0
GTEX-12WSM-0011-R5a-SM-5EQ4Y,Caudate,Male,63.0
GTEX-1445S-0011-R5a-SM-5PNUS,Caudate,Male,64.0
GTEX-WHSE-0011-R5A-SM-3P5ZO,Caudate,Male,20.0
GTEX-ZXG5-0011-R5b-SM-57WBN,Caudate,Male,66.0
GTEX-13CF2-0011-R5a-SM-5LZWS,Caudate,Male,61.0
GTEX-QDT8-0011-R5A-SM-32PKN,Caudate,Female,30.0
GTEX-12ZZW-0011-R5a-SM-5DUVN,Caudate,Male,57.0
GTEX-139TT-0011-R5b-SM-5K7W8,Caudate,Male,60.0
GTEX-13CZV-0011-R5a-SM-5K7XA,Caudate,Male,64.0
GTEX-14ABY-0011-R5b-SM-5SI7B,Caudate,Male,59.0
GTEX-ZVZQ-0011-R5b-SM-57WDC,Caudate,Female,62.0
GTEX-13FHO-0011-R5b-SM-5LZZ3,Caudate,Male,61.0
GTEX-12WSM-0011-R11a-SM-5DUX8,Cerebellar,Male,63.0
GTEX-YFC4-0011-R11a-SM-4SOK6,Cerebellar,Female,47.0
GTEX-11H98-0011-R11b-SM-5NQ6U,Cerebellar,Male,50.0
GTEX-T6MN-0011-R11A-SM-32QOX,Cerebellar,Male,51.0
GTEX-13N1W-0011-R11a-SM-5MR3D,Cerebellar,Male,70.0
GTEX-N7MS-0011-R11A-SM-2HMJS,Cerebellar,Male,61.0
GTEX-ZVZQ-0011-R11a-SM-51MS6,Cerebellar,Female,62.0
GTEX-145MH-0011-R11a-SM-5P9HQ,Cerebellar,Male,57.0
GTEX-ZVT3-0011-R11b-SM-57WBI,Cerebellar,Female,67.0
GTEX-S7SE-0011-R11A-SM-2XCDD,Cerebellar,Male,58.0
GTEX-X261-0011-R11A-SM-4E3JY,Cerebellar,Male,56.0
GTEX-Y8DK-0011-R11A-SM-4SOK2,Cerebellar,Male,62.0
GTEX-131YS-0011-R11b-SM-5EGLM,Cerebellar,Female,67.0
GTEX-14BIM-0011-R11b-SM-5S2RN,Cerebellar,Female,64.0
GTEX-139UW-0011-R11a-SM-5IJGN,Cerebellar,Male,62.0
GTEX-RVPU-0011-R11A-SM-2XCAF,Cerebellar,Male,57.0
GTEX-13CF2-0011-R11b-SM-5LZXO,Cerebellar,Male,61.0
GTEX-13G51-0011-R11b-SM-5J2NE,Cerebellar,Male,69.0
GTEX-12WSE-0011-R11b-SM-5P9JW,Cerebellar,Male,25.0
GTEX-YJ89-0011-R11a-SM-4SOKA,Cerebellar,Male,60.0
GTEX-132Q8-0011-R11b-SM-5DUW9,Cerebellar,Male,68.0
GTEX-WVLH-0011-R11A-SM-3MJFO,Cerebellar,Male,58.0
GTEX-12WSF-0011-R11a-SM-5LZVT,Cerebellar,Male,70.0
GTEX-13X6I-0011-R11a-SM-5P9HN,Cerebellar,Male,65.0
GTEX-1399T-0011-R11a-SM-5J2O1,Cerebellar,Male,67.0
GTEX-13OVJ-0011-R11a-SM-5P9H8,Cerebellar,Female,55.0
GTEX-13SLW-0011-R11a-SM-5SI8Q,Cerebellar,Male,70.0
GTEX-13SLX-0011-R11b-SM-5O9C8,Cerebellar,Female,57.0
GTEX-P44H-0011-R11A-SM-2XCER,Cerebellar,Male,43.0
GTEX-139TT-0011-R11b-SM-5LZV1,Cerebellar,Male,60.0
GTEX-13NYS-0011-R11b-SM-5MR4P,Cerebellar,Male,63.0
GTEX-12WSI-0011-R11b-SM-5P9EZ,Cerebellar,Male,54.0
GTEX-11WQK-0011-R11a-SM-5BC6W,Cerebellar,Male,55.0
GTEX-145MI-0011-R11a-SM-5P9JZ,Cerebellar,Female,68.0
GTEX-139UC-0011-R11a-SM-5KM3J,Cerebellar,Male,67.0
GTEX-R55E-0011-R11A-SM-2TC6I,Cerebellar,Male,22.0
GTEX-NPJ7-0011-R11A-SM-2I3E8,Cerebellar,Female,68.0
GTEX-WHSE-0011-R11A-SM-3P5YY,Cerebellar,Male,20.0
GTEX-13PVQ-0011-R11a-SM-5O9DU,Cerebellar,Male,59.0
GTEX-13N2G-0011-R11a-SM-5MR3F,Cerebellar,Male,60.0
GTEX-QMR6-0011-R11A-SM-32PKK,Cerebellar,Male,59.0
GTEX-14ABY-0011-R11a-SM-5SI7C,Cerebellar,Male,59.0
GTEX-13IVO-0011-R11b-SM-5LZXQ,Cerebellar,Male,70.0
GTEX-T2IS-0011-R11A-SM-32QPC,Cerebellar,Female,24.0
GTEX-13S7M-0011-R11b-SM-5P9HU,Cerebellar,Female,66.0
GTEX-13FXS-0011-R11a-SM-5L3DM,Cerebellar,Male,59.0
GTEX-13OW5-0011-R11b-SM-5L3GG,Cerebellar,Male,62.0
GTEX-XLM4-0011-R11A-SM-4AT46,Cerebellar,Male,64.0
GTEX-RU72-0011-R11A-SM-5SI8G,Cerebellar,Female,59.0
GTEX-UTHO-0011-R11A-SM-3GIJE,Cerebellar,Male,68.0
GTEX-12WSB-0011-R11b-SM-57WBJ,Cerebellar,Female,65.0
GTEX-13FTY-0011-R11a-SM-5IJEA,Cerebellar,Female,49.0
GTEX-14BIN-0011-R11a-SM-5SI79,Cerebellar,Female,56.0
GTEX-13X6K-0011-R11a-SM-5P9F5,Cerebellar,Female,61.0
GTEX-13OW6-0011-R11a-SM-5L3H2,Cerebellar,Male,59.0
GTEX-145LU-0011-R11b-SM-5P9JX,Cerebellar,Male,50.0
GTEX-NL4W-0011-R11A-SM-2I3DW,Cerebellar,Male,53.0
GTEX-Q2AG-0011-R11A-SM-2HMKZ,Cerebellar,Female,42.0
GTEX-11OF3-0011-R11a-SM-57WCR,Cerebellar,Male,63.0
GTEX-T5JC-0011-R11A-SM-32PMB,Cerebellar,Male,27.0
GTEX-RVPV-0011-R11A-SM-2TF6F,Cerebellar,Male,67.0
GTEX-X585-0011-R11B-SM-46MUZ,Cerebellar,Male,56.0
GTEX-13VXU-0011-R11b-SM-5O9DJ,Cerebellar,Male,58.0
GTEX-13CZV-0011-R11b-SM-5N9FN,Cerebellar,Male,64.0
GTEX-P44G-0011-R11A-SM-2I3FD,Cerebellar,Male,34.0
GTEX-12WSH-0011-R11a-SM-5LZVM,Cerebellar,Male,59.0
GTEX-13NYB-0011-R11a-SM-5KM3Q,Cerebellar,Male,49.0
GTEX-13FLV-0011-R11a-SM-5LZZ7,Cerebellar,Male,50.0
GTEX-12126-0011-R11a-SM-5BC6X,Cerebellar,Male,23.0
GTEX-ZE9C-0011-R11a-SM-4WKGG,Cerebellar,Male,69.0
GTEX-144GL-0011-R11b-SM-5P9F6,Cerebellar,Male,57.0
GTEX-13NZA-0011-R11b-SM-5KM4W,Cerebellar,Male,64.0
GTEX-11ZUS-0011-R11b-SM-5BC7B,Cerebellar,Male,37.0
GTEX-12WSC-0011-R11a-SM-5GU5J,Cerebellar,Male,56.0
GTEX-13JVG-0011-R11a-SM-5KM53,Cerebellar,Male,64.0
GTEX-131XH-0011-R11a-SM-5EGLN,Cerebellar,Male,53.0
GTEX-WWYW-0011-R11A-SM-3NB38,Cerebellar,Female,52.0
GTEX-11WQC-0011-R11b-SM-57WD6,Cerebellar,Male,64.0
GTEX-13OW8-0011-R11a-SM-5L3GT,Cerebellar,Male,66.0
GTEX-13X6J-0011-R11a-SM-5P9HE,Cerebellar,Male,56.0
GTEX-N7MT-0011-R11A-SM-2I3DZ,Cerebellar,Female,68.0
GTEX-XMD1-0011-R11A-SM-4AT5J,Cerebellar,Male,67.0
GTEX-12ZZX-0011-R11a-SM-5DUVJ,Cerebellar,Female,49.0
GTEX-13OW7-0011-R11a-SM-5O9DY,Cerebellar,Male,53.0
GTEX-13FHO-0011-R11b-SM-5LZYQ,Cerebellar,Male,61.0
GTEX-ZF28-0011-R11a-SM-4WWEI,Cerebellar,Male,69.0
GTEX-WL46-0011-R11A-SM-3MJFT,Cerebellar,Male,53.0
GTEX-NL3H-0011-R11A-SM-2I3E6,Cerebellar,Male,60.0
GTEX-13RTJ-0011-R11a-SM-5O9CK,Cerebellar,Male,60.0
GTEX-12ZZZ-0011-R11a-SM-5EGLC,Cerebellar,Male,64.0
GTEX-XOTO-0011-R11B-SM-4B64O,Cerebellar,Male,59.0
GTEX-13OVL-0011-R11b-SM-5L3G7,Cerebellar,Male,50.0
GTEX-13OVH-0011-R11b-SM-5KM4X,Cerebellar,Male,70.0
GTEX-ZDXO-0011-R11a-SM-4WWD9,Cerebellar,Male,60.0
GTEX-Z93S-0011-R11a-SM-4RGNN,Cerebellar,Male,52.0
GTEX-WZTO-0011-R11A-SM-4E3K9,Cerebellar,Male,44.0
GTEX-1313W-0011-R11a-SM-5DUXN,Cerebellar,Female,54.0
GTEX-ZE7O-0011-R11a-SM-57WBC,Cerebellar,Female,57.0
GTEX-13QIC-0011-R11b-SM-5O9BU,Cerebellar,Female,65.0
GTEX-13FHP-0011-R11b-SM-5LZXP,Cerebellar,Male,56.0
GTEX-13PLJ-0011-R11b-SM-5O9BS,Cerebellar,Female,60.0
GTEX-13JUV-0011-R11a-SM-5LZYH,Cerebellar,Female,46.0
GTEX-NPJ8-0011-R11A-SM-2YUMS,Cerebellar,Male,40.0
GTEX-ZUA1-0011-R11b-SM-51MTI,Cerebellar,Male,46.0
GTEX-13O3Q-0011-R11b-SM-5KM2W,Cerebellar,Male,53.0
GTEX-131XW-0011-R11a-SM-5DUV9,Cerebellar,Female,51.0
GTEX-OHPN-0011-R11A-SM-2I5FM,Cerebellar,Female,61.0
GTEX-QDT8-0011-R11A-SM-32PKD,Cerebellar,Female,30.0
GTEX-TSE9-0011-R11A-SM-3DB7N,Cerebellar,Female,60.0
GTEX-RU72-0011-R11A-SM-2TF6J,Cerebellar,Female,59.0
GTEX-11GSP-0011-R11b-SM-5NQ7V,Cerebellar,Female,66.0
GTEX-13O3O-0011-R11b-SM-5KM4G,Cerebellar,Female,68.0
GTEX-X4XX-0011-R11A-SM-46MWQ,Cerebellar,Male,69.0
GTEX-YJ89-2926-SM-5P9IT,Cerebellum,Male,60.0
GTEX-11TTK-2826-SM-5GU5K,Cerebellum,Female,69.0
GTEX-ZDXO-2926-SM-4WKFM,Cerebellum,Male,60.0
GTEX-11ZUS-2826-SM-5EQKW,Cerebellum,Male,37.0
GTEX-R55F-1226-SM-2TF59,Cerebellum,Male,55.0
GTEX-P44G-2526-SM-2I5EK,Cerebellum,Male,34.0
GTEX-12ZZY-2926-SM-5DUXO,Cerebellum,Male,64.0
GTEX-139TS-3126-SM-5LZWX,Cerebellum,Male,61.0
GTEX-13OVH-2926-SM-5IJFH,Cerebellum,Male,70.0
GTEX-13OW8-2926-SM-5L3FV,Cerebellum,Male,66.0
GTEX-13OW7-2926-SM-5MR3Z,Cerebellum,Male,53.0
GTEX-NPJ7-2826-SM-2I3FU,Cerebellum,Female,68.0
GTEX-Z93S-2826-SM-57WBL,Cerebellum,Male,52.0
GTEX-11ZTS-3226-SM-5EGID,Cerebellum,Female,67.0
GTEX-13PVQ-2926-SM-5L3HJ,Cerebellum,Male,59.0
GTEX-145MH-2926-SM-5Q5D2,Cerebellum,Male,57.0
GTEX-14BIN-3326-SM-5Q5E6,Cerebellum,Female,56.0
GTEX-12WSB-3026-SM-59HKM,Cerebellum,Female,65.0
GTEX-XMD1-2826-SM-4AT5F,Cerebellum,Male,67.0
GTEX-11OC5-0626-SM-5HL6M,Cerebellum,Male,62.0
GTEX-T6MN-2526-SM-32PMN,Cerebellum,Male,51.0
GTEX-13X6K-2826-SM-5O9DS,Cerebellum,Female,61.0
GTEX-13OW6-2926-SM-5KM29,Cerebellum,Male,59.0
GTEX-13PDP-2926-SM-5N9E8,Cerebellum,Male,62.0
GTEX-WWYW-3026-SM-3NB36,Cerebellum,Female,52.0
GTEX-13CF2-3026-SM-5IFFX,Cerebellum,Male,61.0
GTEX-T5JC-2326-SM-32PMR,Cerebellum,Male,27.0
GTEX-12ZZZ-3126-SM-5LZU6,Cerebellum,Male,64.0
GTEX-Y111-2826-SM-4TT3O,Cerebellum,Male,50.0
GTEX-11EMC-3326-SM-5P9JH,Cerebellum,Female,66.0
GTEX-ZUA1-2926-SM-59HL3,Cerebellum,Male,46.0
GTEX-12WSD-3026-SM-5LZU7,Cerebellum,Female,64.0
GTEX-N7MT-1226-SM-2TC6K,Cerebellum,Female,68.0
GTEX-QDT8-3026-SM-32PKB,Cerebellum,Female,30.0
GTEX-1399T-3126-SM-5IJFS,Cerebellum,Male,67.0
GTEX-PWO3-1026-SM-2I5F2,Cerebellum,Female,69.0
GTEX-WZTO-2826-SM-3NM8P,Cerebellum,Male,44.0
GTEX-YFC4-3026-SM-5IFJK,Cerebellum,Female,47.0
GTEX-12WSC-2926-SM-5BC5Z,Cerebellum,Male,56.0
GTEX-11ZVC-3026-SM-59HJM,Cerebellum,Female,56.0
GTEX-WHSE-2926-SM-3NMBG,Cerebellum,Male,20.0
GTEX-14BIM-3126-SM-5Q5C7,Cerebellum,Female,64.0
GTEX-QVUS-2926-SM-3GIJB,Cerebellum,Female,69.0
GTEX-11PRG-2826-SM-5BC54,Cerebellum,Male,54.0
GTEX-T2IS-2926-SM-32QPO,Cerebellum,Female,24.0
GTEX-11GSP-3126-SM-5A5LL,Cerebellum,Female,66.0
GTEX-13OVJ-2726-SM-5IJG6,Cerebellum,Female,55.0
GTEX-13JVG-3226-SM-5IJGJ,Cerebellum,Male,64.0
GTEX-139UC-3226-SM-5N9EZ,Cerebellum,Male,67.0
GTEX-14A5I-2826-SM-5SIBF,Cerebellum,Female,53.0
GTEX-XLM4-2926-SM-4AT59,Cerebellum,Male,64.0
GTEX-139TT-2626-SM-5LZUB,Cerebellum,Male,60.0
GTEX-13FHO-2926-SM-5L3ES,Cerebellum,Male,61.0
GTEX-S7SE-2526-SM-2XCDL,Cerebellum,Male,58.0
GTEX-13X6I-2926-SM-5Q5C3,Cerebellum,Male,65.0
GTEX-X261-3126-SM-4PQZC,Cerebellum,Male,56.0
GTEX-13NZ8-3026-SM-5L3D4,Cerebellum,Female,69.0
GTEX-11DZ1-2926-SM-5A5KI,Cerebellum,Male,58.0
GTEX-ZAB4-2926-SM-57WCV,Cerebellum,Male,47.0
GTEX-11EQ8-2826-SM-5N9C1,Cerebellum,Male,69.0
GTEX-12WSM-2126-SM-5GCOC,Cerebellum,Male,63.0
GTEX-12WS9-2826-SM-5FQU9,Cerebellum,Female,59.0
GTEX-13112-2926-SM-5DUWT,Cerebellum,Male,52.0
GTEX-QMR6-1326-SM-32PLB,Cerebellum,Male,59.0
GTEX-13OVL-3026-SM-5IJF1,Cerebellum,Male,50.0
GTEX-145LS-3026-SM-5O99S,Cerebellum,Female,61.0
GTEX-13JUV-3026-SM-5K7WX,Cerebellum,Female,46.0
GTEX-132Q8-2926-SM-5IFFP,Cerebellum,Male,68.0
GTEX-11WQK-3126-SM-5EGI2,Cerebellum,Male,55.0
GTEX-145MI-3126-SM-5Q5CF,Cerebellum,Female,68.0
GTEX-P44H-2426-SM-2XCEJ,Cerebellum,Male,43.0
GTEX-12WSH-3126-SM-5LZW8,Cerebellum,Male,59.0
GTEX-UTHO-2926-SM-3P5Z9,Cerebellum,Male,68.0
GTEX-131YS-3026-SM-5EGHY,Cerebellum,Female,67.0
GTEX-14E7W-2926-SM-5S2R8,Cerebellum,Male,70.0
GTEX-131XH-2926-SM-5LZU4,Cerebellum,Male,53.0
GTEX-11DYG-2926-SM-5H132,Cerebellum,Male,63.0
GTEX-13S7M-3026-SM-5S2QQ,Cerebellum,Female,66.0
GTEX-13QIC-3026-SM-5LU58,Cerebellum,Female,65.0
GTEX-13FHP-2926-SM-5IJG9,Cerebellum,Male,56.0
GTEX-PVOW-2626-SM-32PL8,Cerebellum,Male,40.0
GTEX-14C5O-2926-SM-5RQI1,Cerebellum,Male,65.0
GTEX-11ONC-3026-SM-5985W,Cerebellum,Male,69.0
GTEX-ZAJG-3026-SM-5HL92,Cerebellum,Female,58.0
GTEX-ZZPT-2926-SM-5EQ5S,Cerebellum,Male,53.0
GTEX-ZVT3-2926-SM-5GU6M,Cerebellum,Female,67.0
GTEX-11DXW-1026-SM-5H11K,Cerebellum,Male,43.0
GTEX-13RTJ-3126-SM-5S2Q4,Cerebellum,Male,60.0
GTEX-111FC-3326-SM-5GZYV,Cerebellum,Male,61.0
GTEX-145MG-3126-SM-5Q5D3,Cerebellum,Male,55.0
GTEX-WL46-2826-SM-3LK81,Cerebellum,Male,53.0
GTEX-R55E-2526-SM-2TC6H,Cerebellum,Male,22.0
GTEX-12WSE-2926-SM-5RQJ9,Cerebellum,Male,25.0
GTEX-QVJO-1325-SM-2S1QX,Cerebellum,Female,64.0
GTEX-TSE9-2926-SM-3DB77,Cerebellum,Female,60.0
GTEX-13G51-3126-SM-5IJG7,Cerebellum,Male,69.0
GTEX-Q2AG-2826-SM-2HMJQ,Cerebellum,Female,42.0
GTEX-13O3O-3026-SM-5KM42,Cerebellum,Female,68.0
GTEX-ZF28-2926-SM-4WKG1,Cerebellum,Male,69.0
GTEX-RU72-2926-SM-2TF66,Cerebellum,Female,59.0
GTEX-13N2G-3126-SM-5IJGL,Cerebellum,Male,60.0
GTEX-13NYB-3226-SM-5J2ND,Cerebellum,Male,49.0
GTEX-11NV4-2226-SM-5BC4T,Cerebellum,Male,64.0
GTEX-14ASI-2926-SM-5Q5DG,Cerebellum,Male,61.0
GTEX-12126-0926-SM-5FQTW,Cerebellum,Male,23.0
GTEX-11OF3-3126-SM-5GU5E,Cerebellum,Male,63.0
GTEX-11EI6-2926-SM-5985U,Cerebellum,Male,62.0
GTEX-13VXU-3026-SM-5LU3K,Cerebellum,Male,58.0
GTEX-147F4-3026-SM-5Q5BJ,Cerebellum,Male,50.0
GTEX-13OW5-3126-SM-5MR3Y,Cerebellum,Male,62.0
GTEX-OHPN-2626-SM-2I5H1,Cerebellum,Female,61.0
GTEX-RNOR-2226-SM-2TF5O,Cerebellum,Female,52.0
GTEX-145LU-2626-SM-5LU9Z,Cerebellum,Male,50.0
GTEX-XOTO-2926-SM-4B65G,Cerebellum,Male,59.0
GTEX-11O72-2826-SM-5HL6W,Cerebellum,Male,48.0
GTEX-13FXS-3026-SM-5LZYO,Cerebellum,Male,59.0
GTEX-12696-3026-SM-5FQTU,Cerebellum,Male,68.0
GTEX-11GSO-3026-SM-5Q5AL,Cerebellum,Male,61.0
GTEX-Y8DK-0726-SM-4TT3S,Cerebellum,Male,62.0
GTEX-144GL-2926-SM-5O99F,Cerebellum,Male,57.0
GTEX-12ZZX-2826-SM-5BC6K,Cerebellum,Female,49.0
GTEX-11NUK-3026-SM-5986K,Cerebellum,Male,53.0
GTEX-1128S-2826-SM-5N9DI,Cerebellum,Female,66.0
GTEX-11DXY-3126-SM-5N9BT,Cerebellum,Male,62.0
GTEX-X4XX-2926-SM-3NMB1,Cerebellum,Male,69.0
GTEX-ZAK1-2926-SM-5HL9S,Cerebellum,Female,55.0
GTEX-13O3Q-3026-SM-5IJGD,Cerebellum,Male,53.0
GTEX-WVLH-2926-SM-3MJG5,Cerebellum,Male,58.0
GTEX-1269C-3126-SM-5EGI6,Cerebellum,Female,62.0
GTEX-1313W-3026-SM-5LZUZ,Cerebellum,Female,54.0
GTEX-14DAQ-3026-SM-5S2QZ,Cerebellum,Female,63.0
GTEX-1192X-3226-SM-5987D,Cerebellum,Male,55.0
GTEX-14A5I-2926-SM-5Q5CQ,Cortex,Female,53.0
GTEX-N7MT-1126-SM-5SI7V,Cortex,Female,68.0
GTEX-XLM4-3026-SM-4AT6L,Cortex,Male,64.0
GTEX-ZUA1-3026-SM-59HJC,Cortex,Male,46.0
GTEX-N7MT-1126-SM-2YUNQ,Cortex,Female,68.0
GTEX-13FLW-1426-SM-5K7YE,Cortex,Male,57.0
GTEX-13OW6-3026-SM-5J2MI,Cortex,Male,59.0
GTEX-145MG-3026-SM-5RQJA,Cortex,Male,55.0
GTEX-145MF-2726-SM-5O995,Cortex,Male,50.0
GTEX-YJ89-3026-SM-5IFJI,Cortex,Male,60.0
GTEX-ZAJG-3126-SM-5HL9J,Cortex,Female,58.0
GTEX-13NYS-3126-SM-5KLYV,Cortex,Male,63.0
GTEX-13O3Q-2926-SM-5KM45,Cortex,Male,53.0
GTEX-11O72-2926-SM-5BC4V,Cortex,Male,48.0
GTEX-YFC4-3126-SM-5PNV6,Cortex,Female,47.0
GTEX-ZE9C-3026-SM-4WKHB,Cortex,Male,69.0
GTEX-131XW-3126-SM-5LZUC,Cortex,Female,51.0
GTEX-ZZPT-3026-SM-5GZXH,Cortex,Male,53.0
GTEX-ZYFD-3026-SM-5E44C,Cortex,Male,55.0
GTEX-11GSO-2926-SM-5HL73,Cortex,Male,61.0
GTEX-ZAK1-3026-SM-5S2MJ,Cortex,Female,55.0
GTEX-WHSE-3026-SM-3P5ZH,Cortex,Male,20.0
GTEX-145MH-3026-SM-5Q5DZ,Cortex,Male,57.0
GTEX-139T8-1026-SM-5J2MC,Cortex,Male,62.0
GTEX-14BMV-3026-SM-5S2PQ,Cortex,Male,53.0
GTEX-12WSC-3026-SM-5GCNF,Cortex,Male,56.0
GTEX-12WSA-2926-SM-5EQ4D,Cortex,Male,67.0
GTEX-111FC-3126-SM-5GZZ2,Cortex,Male,61.0
GTEX-WWYW-3126-SM-3NB39,Cortex,Female,52.0
GTEX-13G51-3026-SM-5IJB8,Cortex,Male,69.0
GTEX-12ZZW-2926-SM-5LZUP,Cortex,Male,57.0
GTEX-145LS-3126-SM-5Q5BY,Cortex,Female,61.0
GTEX-OHPN-2526-SM-2I5H3,Cortex,Female,61.0
GTEX-OXRN-2426-SM-2I5EQ,Cortex,Male,59.0
GTEX-T2IS-3026-SM-32QPM,Cortex,Female,24.0
GTEX-WZTO-2926-SM-3NM9I,Cortex,Male,44.0
GTEX-QVJO-1426-SM-2S1QY,Cortex,Female,64.0
GTEX-12696-2926-SM-5FQTG,Cortex,Male,68.0
GTEX-11GSP-3226-SM-5986O,Cortex,Female,66.0
GTEX-13OW7-3026-SM-5L3GY,Cortex,Male,53.0
GTEX-P44G-2426-SM-2I5ER,Cortex,Male,34.0
GTEX-Y111-2726-SM-4TT3N,Cortex,Male,50.0
GTEX-144GL-3026-SM-5Q5CW,Cortex,Male,57.0
GTEX-13S7M-3126-SM-5RQJQ,Cortex,Female,66.0
GTEX-1117F-3226-SM-5N9CT,Cortex,Female,66.0
GTEX-11OF3-2926-SM-5HL78,Cortex,Male,63.0
GTEX-13JUV-2926-SM-5LZX7,Cortex,Female,46.0
GTEX-1313W-3126-SM-5LZUI,Cortex,Female,54.0
GTEX-11NUK-2926-SM-5A5MD,Cortex,Male,53.0
GTEX-ZE7O-3126-SM-5HL5X,Cortex,Female,57.0
GTEX-12WSD-3126-SM-5HL7P,Cortex,Female,64.0
GTEX-13FHO-3026-SM-5J1O9,Cortex,Male,61.0
GTEX-XMD1-2926-SM-4AT42,Cortex,Male,67.0
GTEX-11TUW-3126-SM-5GU4Y,Cortex,Male,66.0
GTEX-1128S-2726-SM-5H12C,Cortex,Female,66.0
GTEX-T6MN-2626-SM-32PMQ,Cortex,Male,51.0
GTEX-RNOR-2326-SM-2TF4I,Cortex,Female,52.0
GTEX-QMR6-1426-SM-32PLA,Cortex,Male,59.0
GTEX-12ZZZ-3026-SM-5BC67,Cortex,Male,64.0
GTEX-11PRG-2926-SM-5987A,Cortex,Male,54.0
GTEX-13QIC-2926-SM-5J2NF,Cortex,Female,65.0
GTEX-11ONC-2926-SM-5P9JM,Cortex,Male,69.0
GTEX-13PL6-3126-SM-5LUAR,Cortex,Female,44.0
GTEX-ZF28-3026-SM-4WKHP,Cortex,Male,69.0
GTEX-PWO3-0926-SM-2I5EY,Cortex,Female,69.0
GTEX-13O3O-3126-SM-5KM3H,Cortex,Female,68.0
GTEX-WL46-2926-SM-3LK82,Cortex,Male,53.0
GTEX-Z93S-2926-SM-57WB9,Cortex,Male,52.0
GTEX-Q2AG-2926-SM-2HMJ3,Cortex,Female,42.0
GTEX-11NV4-2126-SM-5N9DS,Cortex,Male,64.0
GTEX-13X6K-2926-SM-5Q5D5,Cortex,Female,61.0
GTEX-PVOW-2526-SM-2XCF7,Cortex,Male,40.0
GTEX-12ZZX-2926-SM-5GCOQ,Cortex,Female,49.0
GTEX-12WSH-3026-SM-5CVNI,Cortex,Male,59.0
GTEX-11ZUS-2926-SM-5FQSL,Cortex,Male,37.0
GTEX-QDT8-2926-SM-32PKC,Cortex,Female,30.0
GTEX-XOTO-3026-SM-4B65M,Cortex,Male,59.0
GTEX-11WQK-3026-SM-5EQL6,Cortex,Male,55.0
GTEX-NPJ7-2726-SM-2I3FT,Cortex,Female,68.0
GTEX-13JVG-3126-SM-5L3FH,Cortex,Male,64.0
GTEX-13OW8-2826-SM-5L3GC,Cortex,Male,66.0
GTEX-X4XX-3026-SM-3NMB2,Cortex,Male,69.0
GTEX-UTHO-3026-SM-3GAFB,Cortex,Male,68.0
GTEX-1399T-3026-SM-5KLZC,Cortex,Male,67.0
GTEX-ZVT3-3026-SM-5E43N,Cortex,Female,67.0
GTEX-Y8DK-0826-SM-4TT3T,Cortex,Male,62.0
GTEX-13OVH-3026-SM-5MR4N,Cortex,Male,70.0
GTEX-117XS-3026-SM-5N9CA,Cortex,Male,64.0
GTEX-13OVJ-2826-SM-5L3GW,Cortex,Female,55.0
GTEX-X585-3026-SM-46MWF,Cortex,Male,56.0
GTEX-QVUS-2826-SM-3GADB,Cortex,Female,69.0
GTEX-11GS4-3126-SM-5A5LH,Cortex,Male,61.0
GTEX-ZDXO-2126-SM-4WKFI,Cortex,Male,60.0
GTEX-ZYY3-3126-SM-5SI9L,Cortex,Female,67.0
GTEX-144FL-3026-SM-5O99C,Cortex,Male,56.0
GTEX-13IVO-2926-SM-5L3CZ,Cortex,Male,70.0
GTEX-13NYB-3026-SM-5IJD7,Cortex,Male,49.0
GTEX-147GR-3026-SM-5S2ML,Cortex,Male,65.0
GTEX-13NYC-2826-SM-5K7WR,Cortex,Male,67.0
GTEX-11EI6-3026-SM-5GZZO,Cortex,Male,62.0
GTEX-R55F-1326-SM-5S2V4,Cortex,Male,55.0
GTEX-13VXU-2926-SM-5LU5C,Cortex,Male,58.0
GTEX-13PVQ-3026-SM-5SI93,Cortex,Male,59.0
GTEX-12ZZY-3026-SM-5GCOU,Cortex,Male,64.0
GTEX-11OC5-0726-SM-5P9JK,Cortex,Male,62.0
GTEX-131YS-3126-SM-5KLYT,Cortex,Female,67.0
GTEX-13FXS-3126-SM-5J2NN,Cortex,Male,59.0
GTEX-13FHP-3026-SM-5IJBS,Cortex,Male,56.0
GTEX-12126-1026-SM-5P9JJ,Cortex,Male,23.0
GTEX-14ASI-3026-SM-5S2PN,Cortex,Male,61.0
GTEX-13SLX-3126-SM-5S2Q5,Cortex,Female,57.0
GTEX-RU72-3026-SM-5SI7Y,Cortex,Female,59.0
GTEX-R55F-1326-SM-2TF5F,Cortex,Male,55.0
GTEX-T5JC-2426-SM-3NMDB,Cortex,Male,27.0
GTEX-1192X-3126-SM-5N9BY,Cortex,Male,55.0
GTEX-139UC-3126-SM-5J1OY,Cortex,Male,67.0
GTEX-TSE9-3026-SM-3DB76,Cortex,Female,60.0
GTEX-WVLH-3026-SM-3MJG9,Cortex,Male,58.0
GTEX-132Q8-3026-SM-5PNVG,Cortex,Male,68.0
GTEX-11TTK-2926-SM-5PNYP,Cortex,Female,69.0
GTEX-1445S-3026-SM-5O9BR,Cortex,Male,64.0
GTEX-13X6J-3026-SM-5Q5CU,Cortex,Male,56.0
GTEX-11EMC-3226-SM-5EGKW,Cortex,Female,66.0
GTEX-11DXW-1126-SM-5H12Q,Cortex,Male,43.0
GTEX-12WS9-2926-SM-5EGL8,Cortex,Female,59.0
GTEX-12WSM-0011-R10a-SM-5DUWV,Frontal_Cortex,Male,63.0
GTEX-X585-0011-R10A-SM-46MUY,Frontal_Cortex,Male,56.0
GTEX-OHPN-0011-R10A-SM-2I5FL,Frontal_Cortex,Female,61.0
GTEX-13QJC-0011-R10a-SM-5SI63,Frontal_Cortex,Female,68.0
GTEX-147F4-0011-R10b-SM-5S2WC,Frontal_Cortex,Male,50.0
GTEX-13FLV-0011-R10b-SM-5LZZ2,Frontal_Cortex,Male,50.0
GTEX-131XW-0011-R10a-SM-5DUVA,Frontal_Cortex,Female,51.0
GTEX-12WSA-0011-R10b-SM-5P9ET,Frontal_Cortex,Male,67.0
GTEX-12ZZY-0011-R10b-SM-5HL7W,Frontal_Cortex,Male,64.0
GTEX-13X6I-0011-R10a-SM-5PNWI,Frontal_Cortex,Male,65.0
GTEX-WZTO-0011-R10B-SM-4E3KB,Frontal_Cortex,Male,44.0
GTEX-TSE9-0011-R10A-SM-3DB7O,Frontal_Cortex,Female,60.0
GTEX-ZUA1-0011-R10a-SM-51MT6,Frontal_Cortex,Male,46.0
GTEX-OHPN-0011-R10A-SM-33HBU,Frontal_Cortex,Female,61.0
GTEX-1477Z-0011-R10b-SM-5S2RF,Frontal_Cortex,Male,65.0
GTEX-QMR6-0011-R10A-SM-32PKO,Frontal_Cortex,Male,59.0
GTEX-13OW7-0011-R10a-SM-5L3H3,Frontal_Cortex,Male,53.0
GTEX-13QIC-0011-R10a-SM-5O9C7,Frontal_Cortex,Female,65.0
GTEX-WWYW-0011-R10A-SM-3NB35,Frontal_Cortex,Female,52.0
GTEX-RU72-0011-R10A-SM-2TF6D,Frontal_Cortex,Female,59.0
GTEX-14BIL-0011-R10a-SM-5SI75,Frontal_Cortex,Male,54.0
GTEX-12ZZX-0011-R10b-SM-5DUWK,Frontal_Cortex,Female,49.0
GTEX-13NZA-0011-R10b-SM-5KM54,Frontal_Cortex,Male,64.0
GTEX-X4XX-0011-R10B-SM-46MWO,Frontal_Cortex,Male,69.0
GTEX-13SLW-0011-R10a-SM-5S2UI,Frontal_Cortex,Male,70.0
GTEX-ZV68-0011-R10a-SM-51MT7,Frontal_Cortex,Female,57.0
GTEX-13N1W-0011-R10b-SM-5MR4H,Frontal_Cortex,Male,70.0
GTEX-13X6J-0011-R10b-SM-5PNWA,Frontal_Cortex,Male,56.0
GTEX-QVJO-0011-R10A-SM-2S1QJ,Frontal_Cortex,Female,64.0
GTEX-13OVL-0011-R10a-SM-5L3GS,Frontal_Cortex,Male,50.0
GTEX-13FTZ-0011-R10b-SM-5KLZS,Frontal_Cortex,Male,67.0
GTEX-13NYB-0011-R10a-SM-5KM43,Frontal_Cortex,Male,49.0
GTEX-12ZZZ-0011-R10a-SM-5P9HC,Frontal_Cortex,Male,64.0
GTEX-QDT8-0011-R10A-SM-32PKG,Frontal_Cortex,Female,30.0
GTEX-ZVT3-0011-R10b-SM-57WB6,Frontal_Cortex,Female,67.0
GTEX-WVLH-0011-R10A-SM-3MJFM,Frontal_Cortex,Male,58.0
GTEX-WL46-0011-R10A-SM-3MJFQ,Frontal_Cortex,Male,53.0
GTEX-1313W-0011-R10b-SM-5DUXA,Frontal_Cortex,Female,54.0
GTEX-13N2G-0011-R10a-SM-5MR34,Frontal_Cortex,Male,60.0
GTEX-ZXG5-0011-R10a-SM-57WDD,Frontal_Cortex,Male,66.0
GTEX-12WSC-0011-R10a-SM-5GU57,Frontal_Cortex,Male,56.0
GTEX-12WSD-0011-R10b-SM-5GU79,Frontal_Cortex,Female,64.0
GTEX-11GSP-0011-R10a-SM-5NQ7J,Frontal_Cortex,Female,66.0
GTEX-11WQC-0011-R10a-SM-57WCT,Frontal_Cortex,Male,64.0
GTEX-OHPN-0011-R10A-SM-5S2U3,Frontal_Cortex,Female,61.0
GTEX-OXRO-0011-R10A-SM-2I5EH,Frontal_Cortex,Female,62.0
GTEX-12WSH-0011-R10a-SM-5LZUS,Frontal_Cortex,Male,59.0
GTEX-13NYS-0011-R10a-SM-5MR4S,Frontal_Cortex,Male,63.0
GTEX-X261-0011-R10B-SM-4E3JT,Frontal_Cortex,Male,56.0
GTEX-145MG-0011-R10a-SM-5PNWG,Frontal_Cortex,Male,55.0
GTEX-Q2AG-0011-R10A-SM-2HMLA,Frontal_Cortex,Female,42.0
GTEX-X4XY-0011-R10B-SM-46MWS,Frontal_Cortex,Male,62.0
GTEX-YJ89-0011-R10a-SM-4SOK9,Frontal_Cortex,Male,60.0
GTEX-13JVG-0011-R10b-SM-5KM2P,Frontal_Cortex,Male,64.0
GTEX-13OW6-0011-R10a-SM-5L3HE,Frontal_Cortex,Male,59.0
GTEX-1445S-0011-R10a-SM-5PNWB,Frontal_Cortex,Male,64.0
GTEX-14BIN-0011-R10a-SM-5S2UA,Frontal_Cortex,Female,56.0
GTEX-XMD1-0011-R10A-SM-4AT4A,Frontal_Cortex,Male,67.0
GTEX-11WQK-0011-R10a-SM-5BC6R,Frontal_Cortex,Male,55.0
GTEX-13FLW-0011-R10b-SM-5LZZF,Frontal_Cortex,Male,57.0
GTEX-14ASI-0011-R10b-SM-5S2VZ,Frontal_Cortex,Male,61.0
GTEX-13OVJ-0011-R10b-SM-5L3HT,Frontal_Cortex,Female,55.0
GTEX-13S7M-0011-R10b-SM-5PNZB,Frontal_Cortex,Female,66.0
GTEX-145MH-0011-R10b-SM-5PNUK,Frontal_Cortex,Male,57.0
GTEX-T6MN-0011-R10A-SM-32QP7,Frontal_Cortex,Male,51.0
GTEX-12126-0011-R10b-SM-5BC6T,Frontal_Cortex,Male,23.0
GTEX-139TS-0011-R10a-SM-5K7TU,Frontal_Cortex,Male,61.0
GTEX-QVUS-0011-R10A-SM-3GIK3,Frontal_Cortex,Female,69.0
GTEX-13RTJ-0011-R10b-SM-5O9CW,Frontal_Cortex,Male,60.0
GTEX-145LU-0011-R10a-SM-5PNWJ,Frontal_Cortex,Male,50.0
GTEX-UTHO-0011-R10A-SM-3GIJQ,Frontal_Cortex,Male,68.0
GTEX-131YS-0011-R10b-SM-5EQ5N,Frontal_Cortex,Female,67.0
GTEX-132Q8-0011-R10b-SM-5DUWZ,Frontal_Cortex,Male,68.0
GTEX-NPJ7-0011-R10A-SM-2I3E5,Frontal_Cortex,Female,68.0
GTEX-13CZV-0011-R10b-SM-5LZYD,Frontal_Cortex,Male,64.0
GTEX-13O3Q-0011-R10b-SM-5KM39,Frontal_Cortex,Male,53.0
GTEX-13FXS-0011-R10a-SM-5J2MA,Frontal_Cortex,Male,59.0
GTEX-147GR-0011-R10b-SM-5S2UM,Frontal_Cortex,Male,65.0
GTEX-XLM4-0011-R10A-SM-4AT5P,Frontal_Cortex,Male,64.0
GTEX-13IVO-0011-R10a-SM-5LZY3,Frontal_Cortex,Male,70.0
GTEX-13JUV-0011-R10b-SM-5LZXR,Frontal_Cortex,Female,46.0
GTEX-14753-0011-R10b-SM-5S2WE,Frontal_Cortex,Male,67.0
GTEX-13X6K-0011-R10a-SM-5P9JR,Frontal_Cortex,Female,61.0
GTEX-NL3H-0011-R10A-SM-2I3E9,Frontal_Cortex,Male,60.0
GTEX-11H98-0011-R10b-SM-5NQ98,Frontal_Cortex,Male,50.0
GTEX-13O3O-0011-R10a-SM-5LUA9,Frontal_Cortex,Female,68.0
GTEX-13G51-0011-R10b-SM-5LZYF,Frontal_Cortex,Male,69.0
GTEX-NL4W-0011-R10A-SM-2I3DY,Frontal_Cortex,Male,53.0
GTEX-145LS-0011-R10a-SM-5PNUQ,Frontal_Cortex,Female,61.0
GTEX-13OW8-0011-R10a-SM-5L3H6,Frontal_Cortex,Male,66.0
GTEX-12WSF-0011-R10a-SM-5LZVH,Frontal_Cortex,Male,70.0
GTEX-YFC4-0011-R10a-SM-4SOK5,Frontal_Cortex,Female,47.0
GTEX-OXRN-0011-R10A-SM-2I5GC,Frontal_Cortex,Male,59.0
GTEX-T5JC-0011-R10A-SM-32PM2,Frontal_Cortex,Male,27.0
GTEX-P44H-0011-R10A-SM-2XCEK,Frontal_Cortex,Male,43.0
GTEX-Z93S-0011-R10a-SM-4RGNM,Frontal_Cortex,Male,52.0
GTEX-NPJ8-0011-R10A-SM-2YUMO,Frontal_Cortex,Male,40.0
GTEX-ZF28-0011-R10a-SM-4WWEH,Frontal_Cortex,Male,69.0
GTEX-RVPU-0011-R10A-SM-2XCAH,Frontal_Cortex,Male,57.0
GTEX-12WS9-0011-R10a-SM-57WBV,Frontal_Cortex,Female,59.0
GTEX-ZDXO-0011-R10a-SM-4WWD8,Frontal_Cortex,Male,60.0
GTEX-S7SE-0011-R10A-SM-2XCDF,Frontal_Cortex,Male,58.0
GTEX-131XH-0011-R10a-SM-5EGLJ,Frontal_Cortex,Male,53.0
GTEX-12ZZW-0011-R10b-SM-5HL9X,Frontal_Cortex,Male,57.0
GTEX-145MI-0011-R10a-SM-5PNZD,Frontal_Cortex,Female,68.0
GTEX-13FHO-0011-R10b-SM-5J2MM,Frontal_Cortex,Male,61.0
GTEX-12WSE-0011-R10b-SM-5P9JV,Frontal_Cortex,Male,25.0
GTEX-13SLX-0011-R10a-SM-5P9HV,Frontal_Cortex,Female,57.0
GTEX-Y8DK-0011-R10A-SM-4SOK1,Frontal_Cortex,Male,62.0
GTEX-ZE7O-0011-R10a-SM-57WAZ,Frontal_Cortex,Female,57.0
GTEX-11ZUS-0011-R10b-SM-5BC79,Frontal_Cortex,Male,37.0
GTEX-P44G-0011-R10A-SM-2I3FF,Frontal_Cortex,Male,34.0
GTEX-N7MS-0011-R10A-SM-2HMJK,Frontal_Cortex,Male,61.0
GTEX-T5JC-0011-R1A-SM-32PM6,Hippocampus,Male,27.0
GTEX-1212Z-0011-R1b-SM-5BC72,Hippocampus,Male,66.0
GTEX-13N1W-0011-R1b-SM-5MR4T,Hippocampus,Male,70.0
GTEX-RNOR-0011-R1A-SM-2TF5D,Hippocampus,Female,52.0
GTEX-Q2AG-0011-R1A-SM-2HMJI,Hippocampus,Female,42.0
GTEX-12WSD-0011-R1b-SM-5LZVY,Hippocampus,Female,64.0
GTEX-13RTL-0011-R1a-SM-5PNZ8,Hippocampus,Male,47.0
GTEX-WL46-0011-R1A-SM-3LK6M,Hippocampus,Male,53.0
GTEX-NPJ7-0011-R1a-SM-3GACT,Hippocampus,Female,68.0
GTEX-13NYS-0011-R1b-SM-5MR55,Hippocampus,Male,63.0
GTEX-11GSO-0011-R1b-SM-57WD3,Hippocampus,Male,61.0
GTEX-ZDXO-0011-R1a-SM-4WKF4,Hippocampus,Male,60.0
GTEX-1399T-0011-R1b-SM-5DUWN,Hippocampus,Male,67.0
GTEX-NL3H-0011-R1a-SM-48TDJ,Hippocampus,Male,60.0
GTEX-QVUS-0011-R1A-SM-3GAD2,Hippocampus,Female,69.0
GTEX-12WSM-0011-R1a-SM-5LZW6,Hippocampus,Male,63.0
GTEX-RVPU-0011-R1A-SM-2XCAI,Hippocampus,Male,57.0
GTEX-13JUV-0011-R1a-SM-5LZY4,Hippocampus,Female,46.0
GTEX-13NZA-0011-R1b-SM-5LUAF,Hippocampus,Male,64.0
GTEX-XMD1-0011-R1A-SM-4AT4C,Hippocampus,Male,67.0
GTEX-TSE9-0011-R1A-SM-3DB7E,Hippocampus,Female,60.0
GTEX-13FHP-0011-R1b-SM-5K7XL,Hippocampus,Male,56.0
GTEX-RNOR-0011-R1A-SM-5SI8F,Hippocampus,Female,52.0
GTEX-13JVG-0011-R1a-SM-5KM32,Hippocampus,Male,64.0
GTEX-X4XX-0011-R1B-SM-3P622,Hippocampus,Male,69.0
GTEX-13O3O-0011-R1b-SM-5KM2K,Hippocampus,Female,68.0
GTEX-X585-0011-R1B-SM-46MVE,Hippocampus,Male,56.0
GTEX-N7MT-0011-R1a-SM-5SI7S,Hippocampus,Female,68.0
GTEX-13FLW-0011-R1b-SM-5LZX2,Hippocampus,Male,57.0
GTEX-NPJ8-0011-R1a-SM-2HMLC,Hippocampus,Male,40.0
GTEX-12WSB-0011-R1b-SM-5P9EY,Hippocampus,Female,65.0
GTEX-1313W-0011-R1b-SM-5EQ4A,Hippocampus,Female,54.0
GTEX-12WSE-0011-R1b-SM-5GU4V,Hippocampus,Male,25.0
GTEX-13RTJ-0011-R1a-SM-5O9D9,Hippocampus,Male,60.0
GTEX-WHSE-0011-R1A-SM-3P5ZK,Hippocampus,Male,20.0
GTEX-NPJ8-0011-R1a-SM-5SI8B,Hippocampus,Male,40.0
GTEX-11UD1-0011-R1b-SM-5BC7D,Hippocampus,Female,44.0
GTEX-11ZVC-0011-R1b-SM-5BC6M,Hippocampus,Female,56.0
GTEX-13FXS-0011-R1a-SM-5K7U6,Hippocampus,Male,59.0
GTEX-13QIC-0011-R1a-SM-5O9CJ,Hippocampus,Female,65.0
GTEX-QVJO-0011-R1A-SM-2S1QI,Hippocampus,Female,64.0
GTEX-13NYB-0011-R1b-SM-5KM4F,Hippocampus,Male,49.0
GTEX-139TT-0011-R1a-SM-5LZVD,Hippocampus,Male,60.0
GTEX-13OW6-0011-R1a-SM-5L3HQ,Hippocampus,Male,59.0
GTEX-13CF2-0011-R1a-SM-5LZY1,Hippocampus,Male,61.0
GTEX-131YS-0011-R1a-SM-5DUXC,Hippocampus,Female,67.0
GTEX-139T8-0011-R1a-SM-5HL75,Hippocampus,Male,62.0
GTEX-P44H-0011-R1A-SM-3NM8J,Hippocampus,Male,43.0
GTEX-13FHO-0011-R1b-SM-5KLZG,Hippocampus,Male,61.0
GTEX-WVLH-0011-R1A-SM-4MVOK,Hippocampus,Male,58.0
GTEX-11ONC-0011-R1a-SM-57WD4,Hippocampus,Male,69.0
GTEX-P44G-0011-R1A-SM-2I3FE,Hippocampus,Male,34.0
GTEX-13OVL-0011-R1a-SM-5L3H5,Hippocampus,Male,50.0
GTEX-PWO3-0011-R1A-SM-2I5EW,Hippocampus,Female,69.0
GTEX-13G51-0011-R1a-SM-5LZYR,Hippocampus,Male,69.0
GTEX-13X6I-0011-R1b-SM-5PNZC,Hippocampus,Male,65.0
GTEX-13OW7-0011-R1b-SM-5L3HF,Hippocampus,Male,53.0
GTEX-T6MN-0011-R1A-SM-32QOY,Hippocampus,Male,51.0
GTEX-13112-0011-R1b-SM-5HL7K,Hippocampus,Male,52.0
GTEX-13OW5-0011-R1b-SM-5L3GE,Hippocampus,Male,62.0
GTEX-XOTO-0011-R1B-SM-4B65C,Hippocampus,Male,59.0
GTEX-R55E-0011-R1A-SM-2TC6N,Hippocampus,Male,22.0
GTEX-UTHO-0011-R1A-SM-3GIJO,Hippocampus,Male,68.0
GTEX-145LS-0011-R1b-SM-5PNUP,Hippocampus,Female,61.0
GTEX-ZF28-0011-R1a-SM-4WWD1,Hippocampus,Male,69.0
GTEX-NPJ8-0011-R1a-SM-33HCB,Hippocampus,Male,40.0
GTEX-ZAB4-0011-R1a-SM-4RGNO,Hippocampus,Male,47.0
GTEX-YFC4-0011-R1a-SM-4V6EH,Hippocampus,Female,47.0
GTEX-ZE7O-0011-R1a-SM-57WDM,Hippocampus,Female,57.0
GTEX-N7MS-0011-R1a-SM-2HMJG,Hippocampus,Male,61.0
GTEX-132Q8-0011-R1a-SM-5EGLK,Hippocampus,Male,68.0
GTEX-145MH-0011-R1b-SM-5PNWY,Hippocampus,Male,57.0
GTEX-13OW8-0011-R1a-SM-5L3HI,Hippocampus,Male,66.0
GTEX-12WSF-0011-R1a-SM-5DUVI,Hippocampus,Male,70.0
GTEX-13S7M-0011-R1b-SM-5PNZE,Hippocampus,Female,66.0
GTEX-11ZTS-0011-R1a-SM-5BC71,Hippocampus,Female,67.0
GTEX-QDT8-0011-R1A-SM-32PKS,Hippocampus,Female,30.0
GTEX-Y8DK-0011-R1A-SM-4RGLO,Hippocampus,Male,62.0
GTEX-OHPN-0011-R1A-SM-2I5GB,Hippocampus,Female,61.0
GTEX-14ASI-0011-R1b-SM-5S2TY,Hippocampus,Male,61.0
GTEX-YJ89-0011-R1a-SM-4RGLS,Hippocampus,Male,60.0
GTEX-13N2G-0011-R1b-SM-5MR3G,Hippocampus,Male,60.0
GTEX-13FTY-0011-R1a-SM-5LZXE,Hippocampus,Female,49.0
GTEX-13SLW-0011-R1a-SM-5S2W7,Hippocampus,Male,70.0
GTEX-13QJC-0011-R1b-SM-5S2UU,Hippocampus,Female,68.0
GTEX-144GL-0011-R1a-SM-5PNZ5,Hippocampus,Male,57.0
GTEX-S7SE-0011-R1A-SM-2XCDE,Hippocampus,Male,58.0
GTEX-13OVJ-0011-R1b-SM-5L3I6,Hippocampus,Female,55.0
GTEX-ZUA1-0011-R1a-SM-4YCE2,Hippocampus,Male,46.0
GTEX-131XH-0011-R1a-SM-5DUWA,Hippocampus,Male,53.0
GTEX-145LU-0011-R1a-SM-5Q5CE,Hippocampus,Male,50.0
GTEX-12WSH-0011-R1a-SM-5GU5V,Hippocampus,Male,59.0
GTEX-13O3Q-0011-R1b-SM-5KM3L,Hippocampus,Male,53.0
GTEX-PVOW-0011-R1A-SM-32PL6,Hippocampus,Male,40.0
GTEX-WZTO-0011-R1B-SM-3NMAR,Hippocampus,Male,44.0
GTEX-ZVZQ-0011-R1a-SM-57WBU,Hippocampus,Female,62.0
GTEX-12ZZX-0011-R1a-SM-5EQ6B,Hippocampus,Female,49.0
GTEX-13PDP-0011-R1a-SM-5PNX5,Hippocampus,Male,62.0
GTEX-144GO-0011-R1a-SM-5PNWO,Hippocampus,Male,68.0
GTEX-QMR6-0011-R1A-SM-32PKW,Hippocampus,Male,59.0
GTEX-WWYW-0011-R1A-SM-3TW8G,Hippocampus,Female,52.0
GTEX-13NZ8-0011-R1b-SM-5KM3V,Hippocampus,Female,69.0
GTEX-12WSM-0011-R8a-SM-5DUWJ,Hypothalamus,Male,63.0
GTEX-13JVG-0011-R8a-SM-5KM3E,Hypothalamus,Male,64.0
GTEX-13OW8-0011-R8a-SM-5L3G5,Hypothalamus,Male,66.0
GTEX-T6MN-0011-R8A-SM-32QP3,Hypothalamus,Male,51.0
GTEX-WWYW-0011-R8A-SM-3NB3S,Hypothalamus,Female,52.0
GTEX-X4XY-0011-R8A-SM-46MVC,Hypothalamus,Male,62.0
GTEX-13NYS-0011-R8a-SM-5MR5H,Hypothalamus,Male,63.0
GTEX-ZVT3-0011-R8b-SM-57WDJ,Hypothalamus,Female,67.0
GTEX-131XW-0011-R8a-SM-5DUWY,Hypothalamus,Female,51.0
GTEX-14753-0011-R8b-SM-5S2U1,Hypothalamus,Male,67.0
GTEX-13RTJ-0011-R8b-SM-5O9DL,Hypothalamus,Male,60.0
GTEX-13IVO-0011-R8a-SM-5L3DY,Hypothalamus,Male,70.0
GTEX-NL3H-0011-R8a-SM-5S2VF,Hypothalamus,Male,60.0
GTEX-13QIC-0011-R8b-SM-5O9CV,Hypothalamus,Female,65.0
GTEX-11OF3-0011-R8b-SM-57WCS,Hypothalamus,Male,63.0
GTEX-13FXS-0011-R8a-SM-5J1MN,Hypothalamus,Male,59.0
GTEX-13X6K-0011-R8b-SM-5PNZ4,Hypothalamus,Female,61.0
GTEX-XMD1-0011-R8A-SM-4AT48,Hypothalamus,Male,67.0
GTEX-13FLW-0011-R8b-SM-5J1MZ,Hypothalamus,Male,57.0
GTEX-ZUA1-0011-R8b-SM-51MST,Hypothalamus,Male,46.0
GTEX-139TS-0011-R8a-SM-5J1NP,Hypothalamus,Male,61.0
GTEX-132Q8-0011-R8b-SM-5DUWX,Hypothalamus,Male,68.0
GTEX-14ASI-0011-R8b-SM-5S2UB,Hypothalamus,Male,61.0
GTEX-13OW5-0011-R8a-SM-5L3GQ,Hypothalamus,Male,62.0
GTEX-12WSA-0011-R8a-SM-5P9EX,Hypothalamus,Male,67.0
GTEX-ZAB4-0011-R8b-SM-4SOKF,Hypothalamus,Male,47.0
GTEX-13OVJ-0011-R8b-SM-5L3FS,Hypothalamus,Female,55.0
GTEX-QVUS-0011-R8A-SM-3GAD7,Hypothalamus,Female,69.0
GTEX-11WQK-0011-R8a-SM-5BC7C,Hypothalamus,Male,55.0
GTEX-13X6J-0011-R8b-SM-5PNUA,Hypothalamus,Male,56.0
GTEX-RU72-0011-R8A-SM-2TF61,Hypothalamus,Female,59.0
GTEX-13OVH-0011-R8b-SM-5MR35,Hypothalamus,Male,70.0
GTEX-13OVL-0011-R8a-SM-5L3HH,Hypothalamus,Male,50.0
GTEX-13PDP-0011-R8b-SM-5O9CS,Hypothalamus,Male,62.0
GTEX-XOTO-0011-R8A-SM-4B65J,Hypothalamus,Male,59.0
GTEX-11ZTS-0011-R8a-SM-57WDI,Hypothalamus,Female,67.0
GTEX-T5JC-0011-R8A-SM-32PLM,Hypothalamus,Male,27.0
GTEX-1399T-0011-R8b-SM-5IJD8,Hypothalamus,Male,67.0
GTEX-WZTO-0011-R8A-SM-4E3II,Hypothalamus,Male,44.0
GTEX-QMR6-0011-R8A-SM-32PKJ,Hypothalamus,Male,59.0
GTEX-ZVZQ-0011-R8a-SM-51MR5,Hypothalamus,Female,62.0
GTEX-OHPN-0011-R8A-SM-2I5FJ,Hypothalamus,Female,61.0
GTEX-11GSP-0011-R8b-SM-5NQ79,Hypothalamus,Female,66.0
GTEX-13X6I-0011-R8a-SM-5PNZF,Hypothalamus,Male,65.0
GTEX-13FLV-0011-R8a-SM-5LZZE,Hypothalamus,Male,50.0
GTEX-1313W-0011-R8a-SM-5DUVM,Hypothalamus,Female,54.0
GTEX-145MI-0011-R8b-SM-5PNZ9,Hypothalamus,Female,68.0
GTEX-NL4W-0011-R8a-SM-2I3G4,Hypothalamus,Male,53.0
GTEX-PWO3-0011-R8A-SM-2I5GD,Hypothalamus,Female,69.0
GTEX-12ZZX-0011-R8a-SM-5DUW8,Hypothalamus,Female,49.0
GTEX-13G51-0011-R8b-SM-5LZZ4,Hypothalamus,Male,69.0
GTEX-13O3Q-0011-R8b-SM-5KM2J,Hypothalamus,Male,53.0
GTEX-147F4-0011-R8b-SM-5S2UN,Hypothalamus,Male,50.0
GTEX-11ONC-0011-R8b-SM-5NQ87,Hypothalamus,Male,69.0
GTEX-13NZA-0011-R8b-SM-5KM2Q,Hypothalamus,Male,64.0
GTEX-131XH-0011-R8a-SM-5EGLL,Hypothalamus,Male,53.0
GTEX-OHPN-0011-R8A-SM-33HBT,Hypothalamus,Female,61.0
GTEX-S7SE-0011-R8A-SM-2XCDG,Hypothalamus,Male,58.0
GTEX-144GL-0011-R8a-SM-5Q5B1,Hypothalamus,Male,57.0
GTEX-N7MS-0011-R8a-SM-2YUMK,Hypothalamus,Male,61.0
GTEX-13OW6-0011-R8a-SM-5L3GF,Hypothalamus,Male,59.0
GTEX-11WQC-0011-R8b-SM-57WCH,Hypothalamus,Male,64.0
GTEX-13QJC-0011-R8b-SM-5S2U6,Hypothalamus,Female,68.0
GTEX-13OW7-0011-R8b-SM-5L3HR,Hypothalamus,Male,53.0
GTEX-13NZ8-0011-R8b-SM-5KM48,Hypothalamus,Female,69.0
GTEX-ZF28-0011-R8a-SM-4WWFW,Hypothalamus,Male,69.0
GTEX-13SLW-0011-R8b-SM-5SI64,Hypothalamus,Male,70.0
GTEX-13N1W-0011-R8a-SM-5MR56,Hypothalamus,Male,70.0
GTEX-11H98-0011-R8a-SM-5NQ8V,Hypothalamus,Male,50.0
GTEX-RVPU-0011-R8A-SM-5SI8I,Hypothalamus,Male,57.0
GTEX-QVJO-0011-R8A-SM-447C7,Hypothalamus,Female,64.0
GTEX-13CF2-0011-R8b-SM-5IJCX,Hypothalamus,Male,61.0
GTEX-13CIG-0011-R8b-SM-5LZX5,Hypothalamus,Male,59.0
GTEX-NPJ7-0011-R8a-SM-2I3G2,Hypothalamus,Female,68.0
GTEX-11ZUS-0011-R8a-SM-5BC73,Hypothalamus,Male,37.0
GTEX-R55E-0011-R8A-SM-2TC66,Hypothalamus,Male,22.0
GTEX-N7MT-0011-R8a-SM-2I5GU,Hypothalamus,Female,68.0
GTEX-YJ89-0011-R8b-SM-4SOK8,Hypothalamus,Male,60.0
GTEX-RVPU-0011-R8A-SM-2TF74,Hypothalamus,Male,57.0
GTEX-13NYB-0011-R8a-SM-5KM4R,Hypothalamus,Male,49.0
GTEX-X261-0011-R8A-SM-4E3I5,Hypothalamus,Male,56.0
GTEX-WHSE-0011-R8A-SM-3P5Z1,Hypothalamus,Male,20.0
GTEX-ZXG5-0011-R8a-SM-57WD1,Hypothalamus,Male,66.0
GTEX-P44H-0011-R8A-SM-2XCEL,Hypothalamus,Male,43.0
GTEX-XLM4-0011-R8A-SM-4AT44,Hypothalamus,Male,64.0
GTEX-Q2AG-0011-R8A-SM-2HMK5,Hypothalamus,Female,42.0
GTEX-1445S-0011-R8a-SM-5PNWX,Hypothalamus,Male,64.0
GTEX-NPJ8-0011-R8a-SM-2HMLG,Hypothalamus,Male,40.0
GTEX-Z93S-0011-R8a-SM-4RGNL,Hypothalamus,Male,52.0
GTEX-TSE9-0011-R8A-SM-3DB7R,Hypothalamus,Female,60.0
GTEX-145MH-0011-R8a-SM-5PNUL,Hypothalamus,Male,57.0
GTEX-WVLH-0011-R8A-SM-3MJFC,Hypothalamus,Male,58.0
GTEX-ZDXO-0011-R8a-SM-4WWD7,Hypothalamus,Male,60.0
GTEX-QDT8-0011-R8A-SM-32PKE,Hypothalamus,Female,30.0
GTEX-X4XX-0011-R8B-SM-46MWM,Hypothalamus,Male,69.0
GTEX-R55F-0011-R8A-SM-2TF4F,Hypothalamus,Male,55.0
GTEX-145LU-0011-R8b-SM-5PNZG,Hypothalamus,Male,50.0
GTEX-139UC-0011-R8b-SM-5IJCL,Hypothalamus,Male,67.0
GTEX-13O3O-0011-R8b-SM-5LUAL,Hypothalamus,Female,68.0
GTEX-145LS-0011-R8b-SM-5PNXA,Hypothalamus,Female,61.0
GTEX-13SLX-0011-R8b-SM-5PNWZ,Hypothalamus,Female,57.0
GTEX-X585-0011-R8A-SM-46MUX,Hypothalamus,Male,56.0
GTEX-QDT8-0011-R6A-SM-32PKI,Nucleus_Accumbens,Female,30.0
GTEX-XMD1-0011-R6A-SM-4AT5K,Nucleus_Accumbens,Male,67.0
GTEX-ZVZQ-0011-R6b-SM-57WAY,Nucleus_Accumbens,Female,62.0
GTEX-12WSE-0011-R6b-SM-5LZV5,Nucleus_Accumbens,Male,25.0
GTEX-14BIN-0011-R6a-SM-5S2RH,Nucleus_Accumbens,Female,56.0
GTEX-13FHO-0011-R6b-SM-5LZX1,Nucleus_Accumbens,Male,61.0
GTEX-144GO-0011-R6b-SM-5S2V7,Nucleus_Accumbens,Male,68.0
GTEX-QVJO-0011-R6A-SM-2S1QN,Nucleus_Accumbens,Female,64.0
GTEX-WHSE-0011-R6A-SM-3P5ZP,Nucleus_Accumbens,Male,20.0
GTEX-WVLH-0011-R6A-SM-3MJFZ,Nucleus_Accumbens,Male,58.0
GTEX-14753-0011-R6b-SM-5S2UD,Nucleus_Accumbens,Male,67.0
GTEX-ZUA1-0011-R6b-SM-4YCDD,Nucleus_Accumbens,Male,46.0
GTEX-13RTJ-0011-R6a-SM-5SI74,Nucleus_Accumbens,Male,60.0
GTEX-13N1W-0011-R6a-SM-5MR43,Nucleus_Accumbens,Male,70.0
GTEX-13FHP-0011-R6b-SM-5LZY6,Nucleus_Accumbens,Male,56.0
GTEX-13VXU-0011-R6a-SM-5SI71,Nucleus_Accumbens,Male,58.0
GTEX-N7MS-0011-R6a-SM-2HMJ4,Nucleus_Accumbens,Male,61.0
GTEX-ZVT3-0011-R6a-SM-51MSU,Nucleus_Accumbens,Female,67.0
GTEX-X261-0011-R6B-SM-4E3J8,Nucleus_Accumbens,Male,56.0
GTEX-13FLW-0011-R6b-SM-5L3EN,Nucleus_Accumbens,Male,57.0
GTEX-13O3O-0011-R6b-SM-5P9GY,Nucleus_Accumbens,Female,68.0
GTEX-1399T-0011-R6b-SM-5K7YL,Nucleus_Accumbens,Male,67.0
GTEX-12ZZY-0011-R6b-SM-5EGLA,Nucleus_Accumbens,Male,64.0
GTEX-X4XX-0011-R6B-SM-46MWP,Nucleus_Accumbens,Male,69.0
GTEX-NPJ7-0011-R6a-SM-2I3G7,Nucleus_Accumbens,Female,68.0
GTEX-11GSP-0011-R6b-SM-57WBQ,Nucleus_Accumbens,Female,66.0
GTEX-13OW5-0011-R6b-SM-5O9BW,Nucleus_Accumbens,Male,62.0
GTEX-WZTO-0011-R6B-SM-4E3J6,Nucleus_Accumbens,Male,44.0
GTEX-P44H-0011-R6A-SM-2XCF3,Nucleus_Accumbens,Male,43.0
GTEX-QMR6-0011-R6A-SM-32PKP,Nucleus_Accumbens,Male,59.0
GTEX-ZE7O-0011-R6a-SM-57WCI,Nucleus_Accumbens,Female,57.0
GTEX-R55E-0011-R6A-SM-2TC5T,Nucleus_Accumbens,Male,22.0
GTEX-RU72-0011-R6A-SM-2TF71,Nucleus_Accumbens,Female,59.0
GTEX-NPJ8-0011-R6a-SM-2HMKB,Nucleus_Accumbens,Male,40.0
GTEX-12WSD-0011-R6b-SM-5P9JU,Nucleus_Accumbens,Female,64.0
GTEX-1313W-0011-R6a-SM-5K7XO,Nucleus_Accumbens,Female,54.0
GTEX-13G51-0011-R6b-SM-5LZX4,Nucleus_Accumbens,Male,69.0
GTEX-13OW8-0011-R6b-SM-5L3I3,Nucleus_Accumbens,Male,66.0
GTEX-XOTO-0011-R6B-SM-4B65X,Nucleus_Accumbens,Male,59.0
GTEX-11WQC-0011-R6a-SM-5BC77,Nucleus_Accumbens,Male,64.0
GTEX-12WSC-0011-R6b-SM-5LU99,Nucleus_Accumbens,Male,56.0
GTEX-WL46-0011-R6A-SM-3LK6X,Nucleus_Accumbens,Male,53.0
GTEX-X4XY-0011-R6B-SM-46MVB,Nucleus_Accumbens,Male,62.0
GTEX-144GL-0011-R6a-SM-5P9HW,Nucleus_Accumbens,Male,57.0
GTEX-NL3H-0011-R6a-SM-2I3G8,Nucleus_Accumbens,Male,60.0
GTEX-13OVH-0011-R6b-SM-5LUAX,Nucleus_Accumbens,Male,70.0
GTEX-QVUS-0011-R6A-SM-3GACX,Nucleus_Accumbens,Female,69.0
GTEX-ZAB4-0011-R6a-SM-4SOKD,Nucleus_Accumbens,Male,47.0
GTEX-13SLW-0011-R6a-SM-5O9BH,Nucleus_Accumbens,Male,70.0
GTEX-13X6K-0011-R6a-SM-5P9K6,Nucleus_Accumbens,Female,61.0
GTEX-ZF28-0011-R6a-SM-4WKHI,Nucleus_Accumbens,Male,69.0
GTEX-14ASI-0011-R6a-SM-5S2UZ,Nucleus_Accumbens,Male,61.0
GTEX-14ABY-0011-R6a-SM-5PNWR,Nucleus_Accumbens,Male,59.0
GTEX-ZV68-0011-R6a-SM-51MSR,Nucleus_Accumbens,Female,57.0
GTEX-12ZZW-0011-R6a-SM-5DUVZ,Nucleus_Accumbens,Male,57.0
GTEX-13OVJ-0011-R6b-SM-5L3GH,Nucleus_Accumbens,Female,55.0
GTEX-NL4W-0011-R6a-SM-2I3GA,Nucleus_Accumbens,Male,53.0
GTEX-14BIM-0011-R6b-SM-5S2VB,Nucleus_Accumbens,Female,64.0
GTEX-13O3Q-0011-R6a-SM-5KM2V,Nucleus_Accumbens,Male,53.0
GTEX-13OVL-0011-R6a-SM-5L3G4,Nucleus_Accumbens,Male,50.0
GTEX-131XH-0011-R6a-SM-5KM2G,Nucleus_Accumbens,Male,53.0
GTEX-S7SE-0011-R6A-SM-2XCD9,Nucleus_Accumbens,Male,58.0
GTEX-13SLX-0011-R6a-SM-5PNX4,Nucleus_Accumbens,Female,57.0
GTEX-13IVO-0011-R6b-SM-5K7X9,Nucleus_Accumbens,Male,70.0
GTEX-145LS-0011-R6b-SM-5PNWL,Nucleus_Accumbens,Female,61.0
GTEX-ZE9C-0011-R6a-SM-4WWCW,Nucleus_Accumbens,Male,69.0
GTEX-13NYB-0011-R6b-SM-5MR51,Nucleus_Accumbens,Male,49.0
GTEX-131XW-0011-R6b-SM-5K7XY,Nucleus_Accumbens,Female,51.0
GTEX-13FXS-0011-R6b-SM-5L3F7,Nucleus_Accumbens,Male,59.0
GTEX-12ZZZ-0011-R6b-SM-5EQ5B,Nucleus_Accumbens,Male,64.0
GTEX-13JUV-0011-R6b-SM-5LZYG,Nucleus_Accumbens,Female,46.0
GTEX-P44G-0011-R6A-SM-2XCD3,Nucleus_Accumbens,Male,34.0
GTEX-13QJC-0011-R6a-SM-5S2VI,Nucleus_Accumbens,Female,68.0
GTEX-Q2AG-0011-R6A-SM-2HML7,Nucleus_Accumbens,Female,42.0
GTEX-YFC4-0011-R6b-SM-4V6E1,Nucleus_Accumbens,Female,47.0
GTEX-ZDXO-0011-R6a-SM-4WWCT,Nucleus_Accumbens,Male,60.0
GTEX-R55F-0011-R6A-SM-2TF4L,Nucleus_Accumbens,Male,55.0
GTEX-T6MN-0011-R6A-SM-32QP8,Nucleus_Accumbens,Male,51.0
GTEX-Z93S-0011-R6b-SM-4RGNJ,Nucleus_Accumbens,Male,52.0
GTEX-13FLV-0011-R6a-SM-5KLZ4,Nucleus_Accumbens,Male,50.0
GTEX-WWYW-0011-R6A-SM-3NB3G,Nucleus_Accumbens,Female,52.0
GTEX-PWO3-0011-R6A-SM-2I5F3,Nucleus_Accumbens,Female,69.0
GTEX-11OF3-0011-R6b-SM-57WBG,Nucleus_Accumbens,Male,63.0
GTEX-12WS9-0011-R6a-SM-5P9EW,Nucleus_Accumbens,Female,59.0
GTEX-OHPN-0011-R6A-SM-2I5FH,Nucleus_Accumbens,Female,61.0
GTEX-147F4-0011-R6b-SM-5S2UP,Nucleus_Accumbens,Male,50.0
GTEX-XLM4-0011-R6A-SM-4AT4B,Nucleus_Accumbens,Male,64.0
GTEX-13PDP-0011-R6b-SM-5O9D5,Nucleus_Accumbens,Male,62.0
GTEX-12WSB-0011-R6b-SM-5GU6J,Nucleus_Accumbens,Female,65.0
GTEX-139UC-0011-R6b-SM-5K7Z1,Nucleus_Accumbens,Male,67.0
GTEX-12WSH-0011-R6b-SM-5P9F4,Nucleus_Accumbens,Male,59.0
GTEX-147GR-0011-R6b-SM-5S2RO,Nucleus_Accumbens,Male,65.0
GTEX-N7MT-0011-R6a-SM-2I3G3,Nucleus_Accumbens,Female,68.0
GTEX-13PL6-0011-R6a-SM-5O9C5,Nucleus_Accumbens,Female,44.0
GTEX-T5JC-0011-R6A-SM-5SI89,Nucleus_Accumbens,Male,27.0
GTEX-13X6J-0011-R6a-SM-5PNUB,Nucleus_Accumbens,Male,56.0
GTEX-X585-0011-R6A-SM-46MVJ,Nucleus_Accumbens,Male,56.0
GTEX-12WSF-0011-R6b-SM-5HL8W,Nucleus_Accumbens,Male,70.0
GTEX-RVPU-0011-R6A-SM-2XCAC,Nucleus_Accumbens,Male,57.0
GTEX-12584-0011-R6a-SM-5NQ7C,Nucleus_Accumbens,Male,42.0
GTEX-13S7M-0011-R6b-SM-5O9D8,Nucleus_Accumbens,Female,66.0
GTEX-13N2G-0011-R6b-SM-5MR3P,Nucleus_Accumbens,Male,60.0
GTEX-YJ89-0011-R6a-SM-4V6GN,Nucleus_Accumbens,Male,60.0
GTEX-139TT-0011-R6b-SM-5J2ON,Nucleus_Accumbens,Male,60.0
GTEX-13NYS-0011-R6b-SM-5MR3R,Nucleus_Accumbens,Male,63.0
GTEX-145MH-0011-R6a-SM-5PNZ7,Nucleus_Accumbens,Male,57.0
GTEX-12WSM-0011-R6b-SM-5EQ6N,Nucleus_Accumbens,Male,63.0
GTEX-UTHO-0011-R6A-SM-3GIJW,Nucleus_Accumbens,Male,68.0
GTEX-145MI-0011-R6a-SM-5PNZA,Nucleus_Accumbens,Female,68.0
GTEX-Y8DK-0011-R6A-SM-4V6EG,Nucleus_Accumbens,Male,62.0
GTEX-11NV4-0011-R6a-SM-57WD5,Nucleus_Accumbens,Male,64.0
GTEX-S7PM-0011-R6A-SM-3NM8F,Nucleus_Accumbens,Male,65.0
GTEX-13JVG-0011-R6a-SM-5MR3E,Nucleus_Accumbens,Male,64.0
GTEX-13OW6-0011-R6b-SM-5L3GR,Nucleus_Accumbens,Male,59.0
GTEX-145LU-0011-R6a-SM-5S2V6,Nucleus_Accumbens,Male,50.0
GTEX-12ZZX-0011-R6a-SM-5HL8L,Nucleus_Accumbens,Female,49.0
GTEX-1445S-0011-R6b-SM-5PNUF,Nucleus_Accumbens,Male,64.0
GTEX-TSE9-0011-R6A-SM-3DB7L,Nucleus_Accumbens,Female,60.0
GTEX-139TS-0011-R6a-SM-5J2OB,Nucleus_Accumbens,Male,61.0
GTEX-T2IS-0011-R6A-SM-32QP2,Nucleus_Accumbens,Female,24.0
GTEX-13112-0011-R6b-SM-5DUVK,Nucleus_Accumbens,Male,52.0
GTEX-ZXG5-0011-R6a-SM-57WBZ,Nucleus_Accumbens,Male,66.0
GTEX-12ZZX-0011-R7b-SM-5DUVV,Putamen,Female,49.0
GTEX-P44G-0011-R7A-SM-2I3F9,Putamen,Male,34.0
GTEX-ZV68-0011-R7a-SM-51MT4,Putamen,Female,57.0
GTEX-12WSD-0011-R7b-SM-5PNWE,Putamen,Female,64.0
GTEX-N7MS-0011-R7a-SM-2HMKN,Putamen,Male,61.0
GTEX-1445S-0011-R7b-SM-5PNUG,Putamen,Male,64.0
GTEX-11WQC-0011-R7b-SM-5BC7A,Putamen,Male,64.0
GTEX-YFC4-0011-R7b-SM-4V6E2,Putamen,Female,47.0
GTEX-OHPN-0011-R7A-SM-2I5FI,Putamen,Female,61.0
GTEX-12WSM-0011-R7b-SM-5EGLD,Putamen,Male,63.0
GTEX-WVLH-0011-R7A-SM-3MJFB,Putamen,Male,58.0
GTEX-13OW5-0011-R7a-SM-5O9C9,Putamen,Male,62.0
GTEX-13JUV-0011-R7b-SM-5LZZG,Putamen,Female,46.0
GTEX-145MI-0011-R7b-SM-5Q5AZ,Putamen,Female,68.0
GTEX-ZXG5-0011-R7b-SM-57WCC,Putamen,Male,66.0
GTEX-ZE7O-0011-R7a-SM-57WCU,Putamen,Female,57.0
GTEX-13CZV-0011-R7b-SM-5LZXH,Putamen,Male,64.0
GTEX-T5JC-0011-R7A-SM-32PME,Putamen,Male,27.0
GTEX-R55E-0011-R7A-SM-2TC5Z,Putamen,Male,22.0
GTEX-Y8DK-0011-R7A-SM-4SOJZ,Putamen,Male,62.0
GTEX-13FLW-0011-R7b-SM-5L3EZ,Putamen,Male,57.0
GTEX-13N2G-0011-R7a-SM-5MR42,Putamen,Male,60.0
GTEX-145LS-0011-R7a-SM-5PNWM,Putamen,Female,61.0
GTEX-13VXU-0011-R7b-SM-5SI72,Putamen,Male,58.0
GTEX-145MG-0011-R7b-SM-5P9JY,Putamen,Male,55.0
GTEX-X4XX-0011-R7A-SM-46MWR,Putamen,Male,69.0
GTEX-13RTJ-0011-R7b-SM-5P9JS,Putamen,Male,60.0
GTEX-139TS-0011-R7a-SM-5K7X7,Putamen,Male,61.0
GTEX-TSE9-0011-R7A-SM-3DB7P,Putamen,Female,60.0
GTEX-13OVL-0011-R7a-SM-5P9GW,Putamen,Male,50.0
GTEX-ZAB4-0011-R7a-SM-4SOKE,Putamen,Male,47.0
GTEX-QDT8-0011-R7A-SM-32PKF,Putamen,Female,30.0
GTEX-ZE9C-0011-R7a-SM-4WWCX,Putamen,Male,69.0
GTEX-147GR-0011-R7a-SM-5S2RP,Putamen,Male,65.0
GTEX-131YS-0011-R7a-SM-5IJDA,Putamen,Female,67.0
GTEX-13OVJ-0011-R7a-SM-5L3G1,Putamen,Female,55.0
GTEX-12WSI-0011-R7b-SM-5GU78,Putamen,Male,54.0
GTEX-13FXS-0011-R7a-SM-5L3FC,Putamen,Male,59.0
GTEX-13OW6-0011-R7b-SM-5L3H4,Putamen,Male,59.0
GTEX-13112-0011-R7b-SM-5DUVW,Putamen,Male,52.0
GTEX-13X6J-0011-R7b-SM-5PNUC,Putamen,Male,56.0
GTEX-13S7M-0011-R7a-SM-5O9DK,Putamen,Female,66.0
GTEX-12ZZZ-0011-R7b-SM-5EGLE,Putamen,Male,64.0
GTEX-12WSA-0011-R7b-SM-5GU5U,Putamen,Male,67.0
GTEX-14BIN-0011-R7b-SM-5S2RI,Putamen,Female,56.0
GTEX-XLM4-0011-R7A-SM-4AT5L,Putamen,Male,64.0
GTEX-12WSC-0011-R7b-SM-5LU9L,Putamen,Male,56.0
GTEX-144GL-0011-R7b-SM-5P9HX,Putamen,Male,57.0
GTEX-X261-0011-R7A-SM-4E3JJ,Putamen,Male,56.0
GTEX-S7SE-0011-R7A-SM-2XCDI,Putamen,Male,58.0
GTEX-145MH-0011-R7a-SM-5PNWH,Putamen,Male,57.0
GTEX-13N1W-0011-R7b-SM-5MR4F,Putamen,Male,70.0
GTEX-132Q8-0011-R7b-SM-5N9F1,Putamen,Male,68.0
GTEX-11GSP-0011-R7b-SM-57WC3,Putamen,Female,66.0
GTEX-13O3Q-0011-R7a-SM-5KM38,Putamen,Male,53.0
GTEX-12WSE-0011-R7a-SM-5PNWF,Putamen,Male,25.0
GTEX-139TT-0011-R7b-SM-5J2MN,Putamen,Male,60.0
GTEX-YJ89-0011-R7a-SM-4V6GO,Putamen,Male,60.0
GTEX-11OF3-0011-R7a-SM-57WCG,Putamen,Male,63.0
GTEX-Z93S-0011-R7b-SM-4RGNK,Putamen,Male,52.0
GTEX-WWYW-0011-R7A-SM-3NB3H,Putamen,Female,52.0
GTEX-13PVQ-0011-R7a-SM-5L3G3,Putamen,Male,59.0
GTEX-13NYB-0011-R7a-SM-5MR5D,Putamen,Male,49.0
GTEX-12WSF-0011-R7b-SM-5HL99,Putamen,Male,70.0
GTEX-14ABY-0011-R7b-SM-5PNWS,Putamen,Male,59.0
GTEX-RVPU-0011-R7A-SM-2XCAB,Putamen,Male,57.0
GTEX-12ZZY-0011-R7a-SM-5EGLB,Putamen,Male,64.0
GTEX-WHSE-0011-R7A-SM-3P5YZ,Putamen,Male,20.0
GTEX-QVJO-0011-R7A-SM-2S1QO,Putamen,Female,64.0
GTEX-NPJ8-0011-R7a-SM-2HMJV,Putamen,Male,40.0
GTEX-13O3O-0011-R7b-SM-5P9GZ,Putamen,Female,68.0
GTEX-ZVZQ-0011-R7b-SM-57WBB,Putamen,Female,62.0
GTEX-ZUA1-0011-R7b-SM-4YCDP,Putamen,Male,46.0
GTEX-T6MN-0011-R7A-SM-32QP5,Putamen,Male,51.0
GTEX-13FHO-0011-R7b-SM-5LZXD,Putamen,Male,61.0
GTEX-12WSB-0011-R7b-SM-5GU6V,Putamen,Female,65.0
GTEX-13CF2-0011-R7b-SM-5K7UV,Putamen,Male,61.0
GTEX-11NV4-0011-R7a-SM-57WDH,Putamen,Male,64.0
GTEX-13FLV-0011-R7b-SM-5K7WW,Putamen,Male,50.0
GTEX-13JVG-0011-R7b-SM-5MR3Q,Putamen,Male,64.0
GTEX-ZDXO-0011-R7a-SM-4WWCU,Putamen,Male,60.0
GTEX-12ZZW-0011-R7a-SM-5DUWC,Putamen,Male,57.0
GTEX-13QJC-0011-R7b-SM-5PNUM,Putamen,Female,68.0
GTEX-QMR6-0011-R7A-SM-32PKL,Putamen,Male,59.0
GTEX-RU72-0011-R7A-SM-2TF5U,Putamen,Female,59.0
GTEX-RNOR-0011-R7A-SM-2TF4V,Putamen,Female,52.0
GTEX-XOTO-0011-R7B-SM-4B64R,Putamen,Male,59.0
GTEX-WL46-0011-R7A-SM-3LK7X,Putamen,Male,53.0
GTEX-1313W-0011-R7b-SM-5DUWL,Putamen,Female,54.0
GTEX-WZTO-0011-R7B-SM-4E3IS,Putamen,Male,44.0
GTEX-139UC-0011-R7a-SM-5IJCV,Putamen,Male,67.0
GTEX-13FHP-0011-R7b-SM-5LZYI,Putamen,Male,56.0
GTEX-ZVT3-0011-R7a-SM-57WCO,Putamen,Female,67.0
GTEX-13X6I-0011-R7b-SM-5PNWP,Putamen,Male,65.0
GTEX-Q2AG-0011-R7A-SM-2HMJP,Putamen,Female,42.0
GTEX-N7MT-0011-R7a-SM-2I3FZ,Putamen,Female,68.0
GTEX-13X6K-0011-R7b-SM-5P9K7,Putamen,Female,61.0
GTEX-13OW8-0011-R7a-SM-5L3FP,Putamen,Male,66.0
GTEX-144GO-0011-R7b-SM-5S2TT,Putamen,Male,68.0
GTEX-NL3H-0011-R7a-SM-2I3G5,Putamen,Male,60.0
GTEX-13G51-0011-R7b-SM-5LZXG,Putamen,Male,69.0
GTEX-ZF28-0011-R7a-SM-4WKF5,Putamen,Male,69.0
GTEX-WL46-0011-R9A-SM-3MJFP,Spinal_Cord,Male,53.0
GTEX-YJ89-0011-R9a-SM-4SOK7,Spinal_Cord,Male,60.0
GTEX-ZVZQ-0011-R9a-SM-51MRH,Spinal_Cord,Female,62.0
GTEX-ZAB4-0011-R9a-SM-4SOKG,Spinal_Cord,Male,47.0
GTEX-139UC-0011-R9a-SM-5K7W7,Spinal_Cord,Male,67.0
GTEX-13FTY-0011-R9b-SM-5KM2U,Spinal_Cord,Female,49.0
GTEX-R55E-0011-R9A-SM-2TC6C,Spinal_Cord,Male,22.0
GTEX-13PVQ-0011-R9b-SM-5LU3B,Spinal_Cord,Male,59.0
GTEX-145LU-0011-R9b-SM-5SI66,Spinal_Cord,Male,50.0
GTEX-14BIN-0011-R9a-SM-5SI76,Spinal_Cord,Female,56.0
GTEX-131XW-0011-R9a-SM-5N9EO,Spinal_Cord,Female,51.0
GTEX-OXRO-0011-R9A-SM-5S2W3,Spinal_Cord,Female,62.0
GTEX-OXRO-0011-R9A-SM-3NB1X,Spinal_Cord,Female,62.0
GTEX-QDT8-0011-R9A-SM-32PKH,Spinal_Cord,Female,30.0
GTEX-RNOR-0011-R9A-SM-2TF52,Spinal_Cord,Female,52.0
GTEX-13NYB-0011-R9b-SM-5MR5P,Spinal_Cord,Male,49.0
GTEX-131YS-0011-R9b-SM-5EQLY,Spinal_Cord,Female,67.0
GTEX-14BIL-0011-R9a-SM-5SI7A,Spinal_Cord,Male,54.0
GTEX-13CIG-0011-R9a-SM-5K7VU,Spinal_Cord,Male,59.0
GTEX-13OW5-0011-R9b-SM-5O9CL,Spinal_Cord,Male,62.0
GTEX-11GSP-0011-R9b-SM-5NQ77,Spinal_Cord,Female,66.0
GTEX-13QJC-0011-R9b-SM-5PNX3,Spinal_Cord,Female,68.0
GTEX-RU72-0011-R9A-SM-2TF67,Spinal_Cord,Female,59.0
GTEX-147GR-0011-R9a-SM-5S2UY,Spinal_Cord,Male,65.0
GTEX-YFC4-0011-R9a-SM-4SOK4,Spinal_Cord,Female,47.0
GTEX-T6MN-0011-R9A-SM-32QOZ,Spinal_Cord,Male,51.0
GTEX-139T4-0011-R9b-SM-5HL6S,Spinal_Cord,Female,51.0
GTEX-13VXU-0011-R9b-SM-5SI73,Spinal_Cord,Male,58.0
GTEX-13RTJ-0011-R9a-SM-5Q5AY,Spinal_Cord,Male,60.0
GTEX-OHPN-0011-R9A-SM-2YUMN,Spinal_Cord,Female,61.0
GTEX-13PL6-0011-R9b-SM-5O9CH,Spinal_Cord,Female,44.0
GTEX-QDT8-0011-R9A-SM-5SI8J,Spinal_Cord,Female,30.0
GTEX-Q2AG-0011-R9A-SM-2HMJ6,Spinal_Cord,Female,42.0
GTEX-QVJO-0011-R9A-SM-2S1QH,Spinal_Cord,Female,64.0
GTEX-13FXS-0011-R9a-SM-5K7UI,Spinal_Cord,Male,59.0
GTEX-12126-0011-R9b-SM-5BC6P,Spinal_Cord,Male,23.0
GTEX-12WSC-0011-R9a-SM-5GU4U,Spinal_Cord,Male,56.0
GTEX-T5JC-0011-R9A-SM-32PLV,Spinal_Cord,Male,27.0
GTEX-13S7M-0011-R9a-SM-5O9DW,Spinal_Cord,Female,66.0
GTEX-13SLW-0011-R9a-SM-5O9BT,Spinal_Cord,Male,70.0
GTEX-13NYS-0011-R9b-SM-5MR44,Spinal_Cord,Male,63.0
GTEX-ZF28-0011-R9a-SM-4WWDY,Spinal_Cord,Male,69.0
GTEX-13SLX-0011-R9b-SM-5SI6X,Spinal_Cord,Female,57.0
GTEX-13FLV-0011-R9b-SM-5L3DA,Spinal_Cord,Male,50.0
GTEX-11WQK-0011-R9b-SM-5BC6N,Spinal_Cord,Male,55.0
GTEX-NPJ7-0011-R9a-SM-2TC5R,Spinal_Cord,Female,68.0
GTEX-13N2G-0011-R9b-SM-5MR4E,Spinal_Cord,Male,60.0
GTEX-13JUV-0011-R9a-SM-5LZX3,Spinal_Cord,Female,46.0
GTEX-11ZUS-0011-R9b-SM-5BC76,Spinal_Cord,Male,37.0
GTEX-14ABY-0011-R9a-SM-5PNZK,Spinal_Cord,Male,59.0
GTEX-NL4W-0011-R9a-SM-2I3G1,Spinal_Cord,Male,53.0
GTEX-TSE9-0011-R9A-SM-3DB7Q,Spinal_Cord,Female,60.0
GTEX-13X6I-0011-R9b-SM-5PNZJ,Spinal_Cord,Male,65.0
GTEX-ZE9C-0011-R9a-SM-4WWCY,Spinal_Cord,Male,69.0
GTEX-148VJ-0011-R9b-SM-5SI77,Spinal_Cord,Male,70.0
GTEX-11ZVC-0011-R9a-SM-57WC5,Spinal_Cord,Female,56.0
GTEX-NPJ8-0011-R9a-SM-2YUN5,Spinal_Cord,Male,40.0
GTEX-11ONC-0011-R9b-SM-5NQ8J,Spinal_Cord,Male,69.0
GTEX-13OVJ-0011-R9b-SM-5L3GD,Spinal_Cord,Female,55.0
GTEX-13NZA-0011-R9b-SM-5MR5I,Spinal_Cord,Male,64.0
GTEX-RVPU-0011-R9A-SM-3NM8E,Spinal_Cord,Male,57.0
GTEX-12WSH-0011-R9b-SM-5LZUG,Spinal_Cord,Male,59.0
GTEX-13OVL-0011-R9a-SM-5P9GX,Spinal_Cord,Male,50.0
GTEX-13PLJ-0011-R9b-SM-5O9DV,Spinal_Cord,Female,60.0
GTEX-XOTO-0011-R9A-SM-4GICI,Spinal_Cord,Male,59.0
GTEX-OHPN-0011-R9A-SM-4DXUH,Spinal_Cord,Female,61.0
GTEX-13O1R-0011-R9b-SM-5KM33,Spinal_Cord,Male,68.0
GTEX-QVUS-0011-R9A-SM-3GIJA,Spinal_Cord,Female,69.0
GTEX-13N1W-0011-R9b-SM-5MR4R,Spinal_Cord,Male,70.0
GTEX-12WSD-0011-R9a-SM-5GU6W,Spinal_Cord,Female,64.0
GTEX-13OW8-0011-R2a-SM-5L3G2,Substantia_Nigra,Male,66.0
GTEX-12WSD-0011-R2a-SM-5LZWB,Substantia_Nigra,Female,64.0
GTEX-12ZZX-0011-R2a-SM-5EGLG,Substantia_Nigra,Female,49.0
GTEX-13X6I-0011-R2b-SM-5PNWQ,Substantia_Nigra,Male,65.0
GTEX-NPJ8-0011-R2a-SM-2TC6M,Substantia_Nigra,Male,40.0
GTEX-X4XX-0011-R2A-SM-3P623,Substantia_Nigra,Male,69.0
GTEX-1399T-0011-R2b-SM-5DUXM,Substantia_Nigra,Male,67.0
GTEX-11ZTS-0011-R2b-SM-5BC75,Substantia_Nigra,Female,67.0
GTEX-ZV68-0011-R2a-SM-4YCDK,Substantia_Nigra,Female,57.0
GTEX-14BIN-0011-R2a-SM-5S2RJ,Substantia_Nigra,Female,56.0
GTEX-YFC4-0011-R2a-SM-4V6DZ,Substantia_Nigra,Female,47.0
GTEX-ZDXO-0011-R2b-SM-4WKFG,Substantia_Nigra,Male,60.0
GTEX-139TS-0011-R2b-SM-5J1MX,Substantia_Nigra,Male,61.0
GTEX-11GSO-0011-R2a-SM-57WDF,Substantia_Nigra,Male,61.0
GTEX-S7SE-0011-R2A-SM-2XCDC,Substantia_Nigra,Male,58.0
GTEX-13N2G-0011-R2a-SM-5MR4Q,Substantia_Nigra,Male,60.0
GTEX-13OVJ-0011-R2b-SM-5L3GP,Substantia_Nigra,Female,55.0
GTEX-NL3H-0011-R2a-SM-2I3GG,Substantia_Nigra,Male,60.0
GTEX-13SLW-0011-R2b-SM-5O9C6,Substantia_Nigra,Male,70.0
GTEX-P44G-0011-R2A-SM-2XCD2,Substantia_Nigra,Male,34.0
GTEX-13CF2-0011-R2a-SM-5L3DC,Substantia_Nigra,Male,61.0
GTEX-13O3O-0011-R2b-SM-5P9H1,Substantia_Nigra,Female,68.0
GTEX-13FXS-0011-R2b-SM-5K7XX,Substantia_Nigra,Male,59.0
GTEX-XMD1-0011-R2B-SM-4AT5N,Substantia_Nigra,Male,67.0
GTEX-13SLX-0011-R2b-SM-5S2VP,Substantia_Nigra,Female,57.0
GTEX-145LS-0011-R2a-SM-5PNZI,Substantia_Nigra,Female,61.0
GTEX-13X6K-0011-R2b-SM-5P9K3,Substantia_Nigra,Female,61.0
GTEX-Z93S-0011-R2a-SM-4RGNG,Substantia_Nigra,Male,52.0
GTEX-ZAB4-0011-R2a-SM-4RGNP,Substantia_Nigra,Male,47.0
GTEX-12WSF-0011-R2a-SM-5DUVU,Substantia_Nigra,Male,70.0
GTEX-13RTJ-0011-R2a-SM-5PNW9,Substantia_Nigra,Male,60.0
GTEX-NL4W-0011-R2a-SM-2I5GV,Substantia_Nigra,Male,53.0
GTEX-11UD1-0011-R2b-SM-5BC6O,Substantia_Nigra,Female,44.0
GTEX-12WS9-0011-R2a-SM-5CVNE,Substantia_Nigra,Female,59.0
GTEX-131XH-0011-R2b-SM-5DUVY,Substantia_Nigra,Male,53.0
GTEX-13O3Q-0011-R2b-SM-5KM3K,Substantia_Nigra,Male,53.0
GTEX-PWO3-0011-R2A-SM-2S1OX,Substantia_Nigra,Female,69.0
GTEX-147GR-0011-R2b-SM-5S2RQ,Substantia_Nigra,Male,65.0
GTEX-13NYS-0011-R2b-SM-5MR4G,Substantia_Nigra,Male,63.0
GTEX-QDT8-0011-R2A-SM-32PKQ,Substantia_Nigra,Female,30.0
GTEX-13G51-0011-R2b-SM-5LZXS,Substantia_Nigra,Male,69.0
GTEX-N7MT-0011-R2a-SM-2I3GI,Substantia_Nigra,Female,68.0
GTEX-132Q8-0011-R2b-SM-5EQ5Z,Substantia_Nigra,Male,68.0
GTEX-13OW6-0011-R2a-SM-5L3HG,Substantia_Nigra,Male,59.0
GTEX-N7MS-0011-R2a-SM-2HML6,Substantia_Nigra,Male,61.0
GTEX-T6MN-0011-R2A-SM-32QOW,Substantia_Nigra,Male,51.0
GTEX-WVLH-0011-R2A-SM-3MJFJ,Substantia_Nigra,Male,58.0
GTEX-RVPU-0011-R2A-SM-2XCAG,Substantia_Nigra,Male,57.0
GTEX-YJ89-0011-R2b-SM-4RGLT,Substantia_Nigra,Male,60.0
GTEX-RU72-0011-R2A-SM-2TF6O,Substantia_Nigra,Female,59.0
GTEX-NPJ7-0011-R2a-SM-2I3GF,Substantia_Nigra,Female,68.0
GTEX-Q2AG-0011-R2A-SM-2HMIT,Substantia_Nigra,Female,42.0
GTEX-12WSA-0011-R2a-SM-57WDK,Substantia_Nigra,Male,67.0
GTEX-12WSH-0011-R2a-SM-5GU68,Substantia_Nigra,Male,59.0
GTEX-QVJO-0011-R2A-SM-2S1QK,Substantia_Nigra,Female,64.0
GTEX-T2IS-0011-R2A-SM-32QPF,Substantia_Nigra,Female,24.0
GTEX-WL46-0011-R2A-SM-3LK6O,Substantia_Nigra,Male,53.0
GTEX-1313W-0011-R2a-SM-5EGLF,Substantia_Nigra,Female,54.0
GTEX-OXRO-0011-R2A-SM-3NB1W,Substantia_Nigra,Female,62.0
GTEX-T5JC-0011-R2A-SM-32PLZ,Substantia_Nigra,Male,27.0
GTEX-UTHO-0011-R2A-SM-3GIKC,Substantia_Nigra,Male,68.0
GTEX-X585-0011-R2B-SM-46MVF,Substantia_Nigra,Male,56.0
GTEX-OHPN-0011-R2A-SM-2I5FB,Substantia_Nigra,Female,61.0
GTEX-ZE9C-0011-R2a-SM-4WKGH,Substantia_Nigra,Male,69.0
GTEX-13QJC-0011-R2b-SM-5PNUN,Substantia_Nigra,Female,68.0
GTEX-QMR6-0011-R2A-SM-32PKV,Substantia_Nigra,Male,59.0
GTEX-XLM4-0011-R2B-SM-4AT5Z,Substantia_Nigra,Male,64.0
GTEX-1445S-0011-R2b-SM-5PNUH,Substantia_Nigra,Male,64.0
GTEX-WHSE-0011-R2A-SM-3P5ZL,Substantia_Nigra,Male,20.0
